metric,value,normalized,randomSeed,fold
PRECISION,0.47,0.47,0,0
RECALL,0.5595238095238095,0.5595238095238095,0,0
F1_MACRO,0.6823828345567476,0.6823828345567476,0,0
F1,0.5108695652173914,0.5108695652173914,0,0
