metric,value,normalized,randomSeed,fold
PRECISION,0.1625,0.1625,0,0
RECALL,0.19117647058823528,0.19117647058823528,0,0
F1_MACRO,0.49427955562924886,0.49427955562924886,0,0
F1,0.17567567567567569,0.17567567567567569,0,0
