metric,value,normalized,randomSeed,fold
PRECISION,0.17,0.17,0,0
RECALL,0.20238095238095238,0.20238095238095238,0,0
F1_MACRO,0.47063805759457933,0.47063805759457933,0,0
F1,0.18478260869565222,0.18478260869565222,0,0
