metric,value,normalized,randomSeed,fold
PRECISION,0.44,0.44,0,0
RECALL,0.5238095238095238,0.5238095238095238,0,0
F1_MACRO,0.6612083568605308,0.6612083568605308,0,0
F1,0.4782608695652174,0.4782608695652174,0,0
