metric,value,normalized,randomSeed,fold
PRECISION,0.12244897959183673,0.12244897959183673,0,0
RECALL,0.5,0.5,0,0
F1_MACRO,0.42210166293194956,0.42210166293194956,0,0
F1,0.19672131147540983,0.19672131147540983,0,0
