metric,value,normalized,randomSeed,fold
PRECISION,0.12745098039215685,0.12745098039215685,0,0
RECALL,0.5416666666666666,0.5416666666666666,0,0
F1_MACRO,0.4206928513497856,0.4206928513497856,0,0
F1,0.20634920634920634,0.20634920634920634,0,0
