metric,value,normalized,randomSeed,fold
PRECISION,0.13333333333333333,0.13333333333333333,0,0
RECALL,0.13793103448275862,0.13793103448275862,0,0
F1_MACRO,0.4930165515184651,0.4930165515184651,0,0
F1,0.13559322033898305,0.13559322033898305,0,0
