metric,value,normalized,randomSeed,fold
PRECISION,0.18,0.18,0,0
RECALL,0.21428571428571427,0.21428571428571427,0,0
F1_MACRO,0.4776962168266516,0.4776962168266516,0,0
F1,0.1956521739130435,0.1956521739130435,0,0
