metric,value,normalized,randomSeed,fold
PRECISION,0.4,0.4,0,0
RECALL,0.42105263157894735,0.42105263157894735,0,0
F1_MACRO,0.6732722494495348,0.6732722494495348,0,0
F1,0.41025641025641024,0.41025641025641024,0,0
