metric,value,normalized,randomSeed,fold
PRECISION,0.4,0.4,0,0
RECALL,0.631578947368421,0.631578947368421,0,0
F1_MACRO,0.7092854235711379,0.7092854235711379,0,0
F1,0.4897959183673469,0.4897959183673469,0,0
