metric,value,normalized,randomSeed,fold
PRECISION,0.13333333333333333,0.13333333333333333,0,0
RECALL,0.07142857142857142,0.07142857142857142,0,0
F1_MACRO,0.491889779167481,0.491889779167481,0,0
F1,0.09302325581395349,0.09302325581395349,0,0
