metric,value,normalized,randomSeed,fold
PRECISION,0.3333333333333333,0.3333333333333333,0,0
RECALL,0.07142857142857142,0.07142857142857142,0,0
F1_MACRO,0.5178399228543876,0.5178399228543876,0,0
F1,0.11764705882352941,0.11764705882352941,0,0
