metric,value,normalized,randomSeed,fold
PRECISION,0.26,0.26,0,0
RECALL,0.34210526315789475,0.34210526315789475,0,0
F1_MACRO,0.5483682983682984,0.5483682983682984,0,0
F1,0.29545454545454547,0.29545454545454547,0,0
