metric,value,normalized,randomSeed,fold
PRECISION,0.1,0.1,0,0
RECALL,0.1,0.1,0,0
F1_MACRO,0.5,0.5,0,0
F1,0.10000000000000002,0.10000000000000002,0,0
