metric,value,normalized,randomSeed,fold
PRECISION,0.7105263157894737,0.7105263157894737,0,0
RECALL,0.7105263157894737,0.7105263157894737,0,0
F1_MACRO,0.8213125406107862,0.8213125406107862,0,0
F1,0.7105263157894737,0.7105263157894737,0,0
