metric,value,normalized,randomSeed,fold
PRECISION,0.5833333333333334,0.5833333333333334,0,0
RECALL,0.7368421052631579,0.7368421052631579,0,0
F1_MACRO,0.7778106947118946,0.7778106947118946,0,0
F1,0.6511627906976745,0.6511627906976745,0,0
