metric,value,normalized,randomSeed,fold
PRECISION,0.05,0.05,0,0
RECALL,0.05,0.05,0,0
F1_MACRO,0.5,0.5,0,0
F1,0.05000000000000001,0.05000000000000001,0,0
