metric,value,normalized,randomSeed,fold
PRECISION,0.13924050632911392,0.13924050632911392,0,0
RECALL,0.16176470588235295,0.16176470588235295,0,0
F1_MACRO,0.47911783396360075,0.47911783396360075,0,0
F1,0.14965986394557823,0.14965986394557823,0,0
