metric,value,normalized,randomSeed,fold
PRECISION,0.65,0.65,0,0
RECALL,0.9285714285714286,0.9285714285714286,0,0
F1_MACRO,0.8582565556343019,0.8582565556343019,0,0
F1,0.7647058823529412,0.7647058823529412,0,0
