metric,value,normalized,randomSeed,fold
PRECISION,0.68,0.68,0,0
RECALL,0.918918918918919,0.918918918918919,0,0
F1_MACRO,0.8604531600014689,0.8604531600014689,0,0
F1,0.7816091954022989,0.7816091954022989,0,0
