metric,value,normalized,randomSeed,fold
PRECISION,0.5,0.5,0,0
RECALL,0.5405405405405406,0.5405405405405406,0,0
F1_MACRO,0.7024647179445942,0.7024647179445942,0,0
F1,0.5194805194805195,0.5194805194805195,0,0
