metric,value,normalized,randomSeed,fold
PRECISION,0.6153846153846154,0.6153846153846154,0,0
RECALL,0.6153846153846154,0.6153846153846154,0,0
F1_MACRO,0.7869166844236096,0.7869166844236096,0,0
F1,0.6153846153846154,0.6153846153846154,0,0
