metric,value,normalized,randomSeed,fold
PRECISION,0.0625,0.0625,0,0
RECALL,0.1,0.1,0,0
F1_MACRO,0.5063759769642122,0.5063759769642122,0,0
F1,0.07692307692307693,0.07692307692307693,0,0
