metric,value,normalized,randomSeed,fold
PRECISION,0.03333333333333333,0.03333333333333333,0,0
RECALL,0.041666666666666664,0.041666666666666664,0,0
F1_MACRO,0.44337400984799835,0.44337400984799835,0,0
F1,0.037037037037037035,0.037037037037037035,0,0
