metric,value,normalized,randomSeed,fold
PRECISION,0.06666666666666667,0.06666666666666667,0,0
RECALL,0.06896551724137931,0.06896551724137931,0,0
F1_MACRO,0.4532531437944232,0.4532531437944232,0,0
F1,0.06779661016949153,0.06779661016949153,0,0
