metric,value,normalized,randomSeed,fold
PRECISION,0.06666666666666667,0.06666666666666667,0,0
RECALL,0.08333333333333333,0.08333333333333333,0,0
F1_MACRO,0.4647827017769215,0.4647827017769215,0,0
F1,0.07407407407407407,0.07407407407407407,0,0
