metric,value,normalized,randomSeed,fold
PRECISION,0.25,0.25,0,0
RECALL,0.29411764705882354,0.29411764705882354,0,0
F1_MACRO,0.5523130492455646,0.5523130492455646,0,0
F1,0.27027027027027023,0.27027027027027023,0,0
