metric,value,normalized,randomSeed,fold
PRECISION,0.28,0.28,0,0
RECALL,0.4117647058823529,0.4117647058823529,0,0
F1_MACRO,0.5780590717299579,0.5780590717299579,0,0
F1,0.3333333333333333,0.3333333333333333,0,0
