metric,value,normalized,randomSeed,fold
PRECISION,0.21052631578947367,0.21052631578947367,0,0
RECALL,0.3333333333333333,0.3333333333333333,0,0
F1_MACRO,0.5609849207864097,0.5609849207864097,0,0
F1,0.2580645161290323,0.2580645161290323,0,0
