metric,value,normalized,randomSeed,fold
PRECISION,0.21428571428571427,0.21428571428571427,0,0
RECALL,0.3,0.3,0,0
F1_MACRO,0.5738636363636365,0.5738636363636365,0,0
F1,0.25,0.25,0,0
