metric,value,normalized,randomSeed,fold
PRECISION,0.1,0.1,0,0
RECALL,0.16666666666666666,0.16666666666666666,0,0
F1_MACRO,0.4791666666666667,0.4791666666666667,0,0
F1,0.125,0.125,0,0
