metric,value,normalized,randomSeed,fold
PRECISION,0.4,0.4,0,0
RECALL,0.5882352941176471,0.5882352941176471,0,0
F1_MACRO,0.668474984930681,0.668474984930681,0,0
F1,0.4761904761904762,0.4761904761904762,0,0
