metric,value,normalized,randomSeed,fold
PRECISION,0.2,0.2,0,0
RECALL,0.25,0.25,0,0
F1_MACRO,0.550417469492614,0.550417469492614,0,0
F1,0.22222222222222224,0.22222222222222224,0,0
