metric,value,normalized,randomSeed,fold
PRECISION,0.3,0.3,0,0
RECALL,0.42857142857142855,0.42857142857142855,0,0
F1_MACRO,0.6102055279943303,0.6102055279943303,0,0
F1,0.3529411764705882,0.3529411764705882,0,0
