metric,value,normalized,randomSeed,fold
PRECISION,0.3,0.3,0,0
RECALL,0.32142857142857145,0.32142857142857145,0,0
F1_MACRO,0.5966928816293607,0.5966928816293607,0,0
F1,0.3103448275862069,0.3103448275862069,0,0
