metric,value,normalized,randomSeed,fold
PRECISION,0.48,0.48,0,0
RECALL,0.6486486486486487,0.6486486486486487,0,0
F1_MACRO,0.7135617494766994,0.7135617494766994,0,0
F1,0.5517241379310345,0.5517241379310345,0,0
