metric,value,normalized,randomSeed,fold
PRECISION,0.5641025641025641,0.5641025641025641,0,0
RECALL,0.6470588235294118,0.6470588235294118,0,0
F1_MACRO,0.7570273553684386,0.7570273553684386,0,0
F1,0.6027397260273972,0.6027397260273972,0,0
