metric,value,normalized,randomSeed,fold
PRECISION,0.4489795918367347,0.4489795918367347,0,0
RECALL,0.6470588235294118,0.6470588235294118,0,0
F1_MACRO,0.7035460453802592,0.7035460453802592,0,0
F1,0.5301204819277109,0.5301204819277109,0,0
