metric,value,normalized,randomSeed,fold
PRECISION,0.5686274509803921,0.5686274509803921,0,0
RECALL,0.7837837837837838,0.7837837837837838,0,0
F1_MACRO,0.7814685314685315,0.7814685314685315,0,0
F1,0.6590909090909091,0.6590909090909091,0,0
