metric,value,normalized,randomSeed,fold
PRECISION,0.5818181818181818,0.5818181818181818,0,0
RECALL,0.8648648648648649,0.8648648648648649,0,0
F1_MACRO,0.8023715415019763,0.8023715415019763,0,0
F1,0.6956521739130435,0.6956521739130435,0,0
