metric,value,normalized,randomSeed,fold
PRECISION,0.2,0.2,0,0
RECALL,0.16666666666666666,0.16666666666666666,0,0
F1_MACRO,0.5541243497646767,0.5541243497646767,0,0
F1,0.1818181818181818,0.1818181818181818,0,0
