metric,value,normalized,randomSeed,fold
PRECISION,0.26,0.26,0,0
RECALL,0.35135135135135137,0.35135135135135137,0,0
F1_MACRO,0.5519811978994529,0.5519811978994529,0,0
F1,0.2988505747126437,0.2988505747126437,0,0
