metric,value,normalized,randomSeed,fold
PRECISION,0.275,0.275,0,0
RECALL,0.2972972972972973,0.2972972972972973,0,0
F1_MACRO,0.557717823971694,0.557717823971694,0,0
F1,0.28571428571428575,0.28571428571428575,0,0
