metric,value,normalized,randomSeed,fold
PRECISION,0.2833333333333333,0.2833333333333333,0,0
RECALL,0.2833333333333333,0.2833333333333333,0,0
F1_MACRO,0.5784313725490196,0.5784313725490196,0,0
F1,0.2833333333333333,0.2833333333333333,0,0
