metric,value,normalized,randomSeed,fold
PRECISION,0.2391304347826087,0.2391304347826087,0,0
RECALL,0.2894736842105263,0.2894736842105263,0,0
F1_MACRO,0.5328511151295962,0.5328511151295962,0,0
F1,0.2619047619047619,0.2619047619047619,0,0
