metric,value,normalized,randomSeed,fold
PRECISION,0.2857142857142857,0.2857142857142857,0,0
RECALL,0.29411764705882354,0.29411764705882354,0,0
F1_MACRO,0.5709094093436665,0.5709094093436665,0,0
F1,0.2898550724637681,0.2898550724637681,0,0
