metric,value,normalized,randomSeed,fold
PRECISION,0.25,0.25,0,0
RECALL,0.3235294117647059,0.3235294117647059,0,0
F1_MACRO,0.5540691192865106,0.5540691192865106,0,0
F1,0.2820512820512821,0.2820512820512821,0,0
