metric,value,normalized,randomSeed,fold
PRECISION,0.175,0.175,0,0
RECALL,0.1794871794871795,0.1794871794871795,0,0
F1_MACRO,0.5435313119963482,0.5435313119963482,0,0
F1,0.17721518987341775,0.17721518987341775,0,0
