metric,value,normalized,randomSeed,fold
PRECISION,0.6052631578947368,0.6052631578947368,0,0
RECALL,0.6764705882352942,0.6764705882352942,0,0
F1_MACRO,0.7798102981029811,0.7798102981029811,0,0
F1,0.6388888888888888,0.6388888888888888,0,0
