metric,value,normalized,randomSeed,fold
PRECISION,0.5416666666666666,0.5416666666666666,0,0
RECALL,0.7647058823529411,0.7647058823529411,0,0
F1_MACRO,0.7699033594109526,0.7699033594109526,0,0
F1,0.6341463414634146,0.6341463414634146,0,0
