metric,value,normalized,randomSeed,fold
PRECISION,0.16666666666666666,0.16666666666666666,0,0
RECALL,0.20833333333333334,0.20833333333333334,0,0
F1_MACRO,0.5290087775636908,0.5290087775636908,0,0
F1,0.1851851851851852,0.1851851851851852,0,0
