metric,value,normalized,randomSeed,fold
PRECISION,0.6,0.6,0,0
RECALL,0.9,0.9,0,0
F1_MACRO,0.8400000000000001,0.8400000000000001,0,0
F1,0.7200000000000001,0.7200000000000001,0,0
