metric,value,normalized,randomSeed,fold
PRECISION,0.85,0.85,0,0
RECALL,0.85,0.85,0,0
F1_MACRO,0.9166666666666666,0.9166666666666666,0,0
F1,0.85,0.85,0,0
