metric,value,normalized,randomSeed,fold
PRECISION,0.45,0.45,0,0
RECALL,0.9,0.9,0,0
F1_MACRO,0.7837837837837838,0.7837837837837838,0,0
F1,0.6,0.6,0,0
