metric,value,normalized,randomSeed,fold
PRECISION,0.3,0.3,0,0
RECALL,0.3157894736842105,0.3157894736842105,0,0
F1_MACRO,0.6164500319624973,0.6164500319624973,0,0
F1,0.3076923076923077,0.3076923076923077,0,0
