metric,value,normalized,randomSeed,fold
PRECISION,0.043478260869565216,0.043478260869565216,0,0
RECALL,0.1,0.1,0,0
F1_MACRO,0.43748865904554524,0.43748865904554524,0,0
F1,0.06060606060606061,0.06060606060606061,0,0
