metric,value,normalized,randomSeed,fold
PRECISION,0.09523809523809523,0.09523809523809523,0,0
RECALL,0.1,0.1,0,0
F1_MACRO,0.4972484543786942,0.4972484543786942,0,0
F1,0.0975609756097561,0.0975609756097561,0,0
