metric,value,normalized,randomSeed,fold
PRECISION,0.2875,0.2875,0,0
RECALL,0.3382352941176471,0.3382352941176471,0,0
F1_MACRO,0.5771845465096999,0.5771845465096999,0,0
F1,0.3108108108108108,0.3108108108108108,0,0
