metric,value,normalized,randomSeed,fold
PRECISION,0.375,0.375,0,0
RECALL,0.4411764705882353,0.4411764705882353,0,0
F1_MACRO,0.6352180401260156,0.6352180401260156,0,0
F1,0.4054054054054054,0.4054054054054054,0,0
