metric,value,normalized,randomSeed,fold
PRECISION,0.32,0.32,0,0
RECALL,0.47058823529411764,0.47058823529411764,0,0
F1_MACRO,0.6081977094635322,0.6081977094635322,0,0
F1,0.38095238095238104,0.38095238095238104,0,0
