metric,value,normalized,randomSeed,fold
PRECISION,0.05555555555555555,0.05555555555555555,0,0
RECALL,0.1,0.1,0,0
F1_MACRO,0.500768049155146,0.500768049155146,0,0
F1,0.07142857142857142,0.07142857142857142,0,0
