metric,value,normalized,randomSeed,fold
PRECISION,0.075,0.075,0,0
RECALL,0.07692307692307693,0.07692307692307693,0,0
F1_MACRO,0.4873505503958988,0.4873505503958988,0,0
F1,0.0759493670886076,0.0759493670886076,0,0
