metric,value,normalized,randomSeed,fold
PRECISION,0.13333333333333333,0.13333333333333333,0,0
RECALL,0.16666666666666666,0.16666666666666666,0,0
F1_MACRO,0.5076000856347677,0.5076000856347677,0,0
F1,0.14814814814814814,0.14814814814814814,0,0
