metric,value,normalized,randomSeed,fold
PRECISION,0.21153846153846154,0.21153846153846154,0,0
RECALL,0.18333333333333332,0.18333333333333332,0,0
F1_MACRO,0.5328073089700996,0.5328073089700996,0,0
F1,0.1964285714285714,0.1964285714285714,0,0
