metric,value,normalized,randomSeed,fold
PRECISION,0.0,0.0,0,0
RECALL,0.0,0.0,0,0
F1_MACRO,0.45504087193460496,0.45504087193460496,0,0
F1,0.0,0.0,0,0
