metric,value,normalized,randomSeed,fold
PRECISION,0.0,0.0,0,0
RECALL,0.0,0.0,0,0
F1_MACRO,0.45799457994579945,0.45799457994579945,0,0
F1,0.0,0.0,0,0
