metric,value,normalized,randomSeed,fold
PRECISION,0.24,0.24,0,0
RECALL,0.3157894736842105,0.3157894736842105,0,0
F1_MACRO,0.5337995337995338,0.5337995337995338,0,0
F1,0.2727272727272727,0.2727272727272727,0,0
