metric,value,normalized,randomSeed,fold
PRECISION,0.225,0.225,0,0
RECALL,0.32142857142857145,0.32142857142857145,0,0
F1_MACRO,0.5570517363571935,0.5570517363571935,0,0
F1,0.2647058823529412,0.2647058823529412,0,0
