metric,value,normalized,randomSeed,fold
PRECISION,0.18421052631578946,0.18421052631578946,0,0
RECALL,0.18421052631578946,0.18421052631578946,0,0
F1_MACRO,0.4964262508122157,0.4964262508122157,0,0
F1,0.18421052631578946,0.18421052631578946,0,0
