metric,value,normalized,randomSeed,fold
PRECISION,0.18,0.18,0,0
RECALL,0.23684210526315788,0.23684210526315788,0,0
F1_MACRO,0.49009324009324007,0.49009324009324007,0,0
F1,0.20454545454545453,0.20454545454545453,0,0
