metric,value,normalized,randomSeed,fold
PRECISION,0.5063291139240507,0.5063291139240507,0,0
RECALL,0.5333333333333333,0.5333333333333333,0,0
F1_MACRO,0.7024647179445942,0.7024647179445942,0,0
F1,0.5194805194805195,0.5194805194805195,0,0
