metric,value,normalized,randomSeed,fold
PRECISION,0.175,0.175,0,0
RECALL,0.2916666666666667,0.2916666666666667,0,0
F1_MACRO,0.5349702380952381,0.5349702380952381,0,0
F1,0.21875,0.21875,0,0
