metric,value,normalized,randomSeed,fold
PRECISION,0.4266666666666667,0.4266666666666667,0,0
RECALL,0.47058823529411764,0.47058823529411764,0,0
F1_MACRO,0.6636544581750061,0.6636544581750061,0,0
F1,0.4475524475524476,0.4475524475524476,0,0
