metric,value,normalized,randomSeed,fold
PRECISION,0.13333333333333333,0.13333333333333333,0,0
RECALL,0.2,0.2,0,0
F1_MACRO,0.52,0.52,0,0
F1,0.16,0.16,0,0
