metric,value,normalized,randomSeed,fold
PRECISION,0.1,0.1,0,0
RECALL,0.2,0.2,0,0
F1_MACRO,0.5315315315315315,0.5315315315315315,0,0
F1,0.13333333333333333,0.13333333333333333,0,0
