metric,value,normalized,randomSeed,fold
PRECISION,0.28205128205128205,0.28205128205128205,0,0
RECALL,0.4583333333333333,0.4583333333333333,0,0
F1_MACRO,0.61377231406905,0.61377231406905,0,0
F1,0.34920634920634913,0.34920634920634913,0,0
