metric,value,normalized,randomSeed,fold
PRECISION,0.15,0.15,0,0
RECALL,0.15384615384615385,0.15384615384615385,0,0
F1_MACRO,0.5294861215962359,0.5294861215962359,0,0
F1,0.1518987341772152,0.1518987341772152,0,0
