metric,value,normalized,randomSeed,fold
PRECISION,0.8808333333333334,0.8808333333333334,0,0
RECALL,0.03700980392156863,0.03700980392156863,0,0
F1_MACRO,0.46976880492954287,0.46976880492954287,0,0
F1,0.07103494623655915,0.07103494623655915,0,0
