metric,value,normalized,randomSeed,fold
PRECISION,0.7805,0.7805,0,0
RECALL,0.16397058823529412,0.16397058823529412,0,0
F1_MACRO,0.574186299325026,0.574186299325026,0,0
F1,0.27100694444444445,0.27100694444444445,0,0
