metric,value,normalized,randomSeed,fold
PRECISION,0.5348333333333334,0.5348333333333334,0,0
RECALL,0.44943977591036416,0.44943977591036416,0,0
F1_MACRO,0.6724918488375945,0.6724918488375945,0,0
F1,0.48843226788432265,0.48843226788432265,0,0
