metric,value,normalized,randomSeed,fold
PRECISION,0.5535,0.5535,0,0
RECALL,0.34884453781512603,0.34884453781512603,0,0
F1_MACRO,0.6451389066537054,0.6451389066537054,0,0
F1,0.4279639175257732,0.4279639175257732,0,0
