metric,value,normalized,randomSeed,fold
PRECISION,0.4972664844322955,0.4972664844322955,0,0
RECALL,0.5223039215686275,0.5223039215686275,0,0
F1_MACRO,0.6755841201339214,0.6755841201339214,0,0
F1,0.5094777827111582,0.5094777827111582,0,0
