metric,value,normalized,randomSeed,fold
PRECISION,0.5850833333333333,0.5850833333333333,0,0
RECALL,0.24583333333333332,0.24583333333333332,0,0
F1_MACRO,0.606620430697076,0.606620430697076,0,0
F1,0.3462031558185404,0.3462031558185404,0,0
