metric,value,normalized,randomSeed,fold
PRECISION,0.37519167944529636,0.37519167944529636,0,0
RECALL,0.3940826330532213,0.3940826330532213,0,0
F1_MACRO,0.5928650731996797,0.5928650731996797,0,0
F1,0.38440520509580245,0.38440520509580245,0,0
