metric,value,normalized,randomSeed,fold
PRECISION,0.5664638719893325,0.5664638719893325,0,0
RECALL,0.23799019607843136,0.23799019607843136,0,0
F1_MACRO,0.599981581153264,0.599981581153264,0,0
F1,0.3351660543899011,0.3351660543899011,0,0
