metric,value,normalized,randomSeed,fold
PRECISION,0.8308333333333333,0.8308333333333333,0,0
RECALL,0.034908963585434175,0.034908963585434175,0,0
F1_MACRO,0.467467287769431,0.467467287769431,0,0
F1,0.06700268817204302,0.06700268817204302,0,0
