metric,value,normalized,randomSeed,fold
PRECISION,0.6946666666666667,0.6946666666666667,0,0
RECALL,0.14593837535014006,0.14593837535014006,0,0
F1_MACRO,0.5567778643129111,0.5567778643129111,0,0
F1,0.2412037037037037,0.2412037037037037,0,0
