metric,value,normalized,randomSeed,fold
PRECISION,0.42132677723143597,0.42132677723143597,0,0
RECALL,0.3540266106442577,0.3540266106442577,0,0
F1_MACRO,0.6061219291721907,0.6061219291721907,0,0
F1,0.3847558887324479,0.3847558887324479,0,0
