metric,value,normalized,randomSeed,fold
PRECISION,0.48430468359353296,0.48430468359353296,0,0
RECALL,0.3052170868347339,0.3052170868347339,0,0
F1_MACRO,0.611943459592691,0.611943459592691,0,0
F1,0.37444962305891455,0.37444962305891455,0,0
