metric,value,normalized,randomSeed,fold
PRECISION,0.4908888888888889,0.4908888888888889,0,0
RECALL,0.30938375350140057,0.30938375350140057,0,0
F1_MACRO,0.6151074842461607,0.6151074842461607,0,0
F1,0.379553264604811,0.379553264604811,0,0
