metric,value,normalized,randomSeed,fold
PRECISION,0.46975,0.46975,0,0
RECALL,0.19737394957983193,0.19737394957983193,0,0
F1_MACRO,0.5655587123234999,0.5655587123234999,0,0
F1,0.2779585798816568,0.2779585798816568,0,0
