metric,value,normalized,randomSeed,fold
PRECISION,0.645,0.645,0,0
RECALL,0.13550420168067226,0.13550420168067226,0,0
F1_MACRO,0.5467046339563862,0.5467046339563862,0,0
F1,0.22395833333333331,0.22395833333333331,0,0
