metric,value,normalized,randomSeed,fold
PRECISION,0.37866666666666665,0.37866666666666665,0,0
RECALL,0.39775910364145656,0.39775910364145656,0,0
F1_MACRO,0.595223638939486,0.595223638939486,0,0
F1,0.3879781420765027,0.3879781420765027,0,0
