metric,value,normalized,randomSeed,fold
PRECISION,0.5874166666666667,0.5874166666666667,0,0
RECALL,0.4936274509803922,0.4936274509803922,0,0
F1_MACRO,0.703235324497142,0.703235324497142,0,0
F1,0.5364535768645359,0.5364535768645359,0,0
