metric,value,normalized,randomSeed,fold
PRECISION,0.7183333333333334,0.7183333333333334,0,0
RECALL,0.030182072829131653,0.030182072829131653,0,0
F1_MACRO,0.4622888741591791,0.4622888741591791,0,0
F1,0.05793010752688172,0.05793010752688172,0,0
