metric,value,normalized,randomSeed,fold
PRECISION,0.8615,0.8615,0,0
RECALL,0.1809873949579832,0.1809873949579832,0,0
F1_MACRO,0.5906144535306335,0.5906144535306335,0,0
F1,0.29913194444444446,0.29913194444444446,0,0
