metric,value,normalized,randomSeed,fold
PRECISION,0.39345833333333335,0.39345833333333335,0,0
RECALL,0.3306372549019608,0.3306372549019608,0,0
F1_MACRO,0.589835261743423,0.589835261743423,0,0
F1,0.3593226788432268,0.3593226788432268,0,0
