metric,value,normalized,randomSeed,fold
PRECISION,0.5248333333333334,0.5248333333333334,0,0
RECALL,0.22051820728291316,0.22051820728291316,0,0
F1_MACRO,0.5851698364889145,0.5851698364889145,0,0
F1,0.31055226824457594,0.31055226824457594,0,0
