metric,value,normalized,randomSeed,fold
PRECISION,0.40576666666666666,0.40576666666666666,0,0
RECALL,0.4262254901960784,0.4262254901960784,0,0
F1_MACRO,0.6135876557666176,0.6135876557666176,0,0
F1,0.4157445355191257,0.4157445355191257,0,0
