metric,value,normalized,randomSeed,fold
PRECISION,0.4241666666666667,0.4241666666666667,0,0
RECALL,0.26733193277310924,0.26733193277310924,0,0
F1_MACRO,0.5831041671996111,0.5831041671996111,0,0
F1,0.3279639175257732,0.3279639175257732,0,0
