metric,value,normalized,randomSeed,fold
PRECISION,0.734,0.734,0,0
RECALL,0.30840336134453783,0.30840336134453783,0,0
F1_MACRO,0.6596387043485072,0.6596387043485072,0,0
F1,0.43431952662721895,0.43431952662721895,0,0
