metric,value,normalized,randomSeed,fold
PRECISION,0.425375,0.425375,0,0
RECALL,0.3574579831932773,0.3574579831932773,0,0
F1_MACRO,0.6084957231976332,0.6084957231976332,0,0
F1,0.3884703196347032,0.3884703196347032,0,0
