metric,value,normalized,randomSeed,fold
PRECISION,0.6548888888888889,0.6548888888888889,0,0
RECALL,0.41274509803921566,0.41274509803921566,0,0
F1_MACRO,0.6937700920075379,0.6937700920075379,0,0
F1,0.5063573883161512,0.5063573883161512,0,0
