metric,value,normalized,randomSeed,fold
PRECISION,0.9975,0.9975,0,0
RECALL,0.04191176470588235,0.04191176470588235,0,0
F1_MACRO,0.47513901163647076,0.47513901163647076,0,0
F1,0.08044354838709676,0.08044354838709676,0,0
