metric,value,normalized,randomSeed,fold
PRECISION,0.6603333333333333,0.6603333333333333,0,0
RECALL,0.13872549019607844,0.13872549019607844,0,0
F1_MACRO,0.5498144903080651,0.5498144903080651,0,0
F1,0.2292824074074074,0.2292824074074074,0,0
