metric,value,normalized,randomSeed,fold
PRECISION,0.5689666666666666,0.5689666666666666,0,0
RECALL,0.5976540616246498,0.5976540616246498,0,0
F1_MACRO,0.7241783401277935,0.7241783401277935,0,0
F1,0.5829576502732239,0.5829576502732239,0,0
