metric,value,normalized,randomSeed,fold
PRECISION,0.975,0.975,0,0
RECALL,0.04096638655462185,0.04096638655462185,0,0
F1_MACRO,0.47410332891442036,0.47410332891442036,0,0
F1,0.07862903225806452,0.07862903225806452,0,0
