metric,value,normalized,randomSeed,fold
PRECISION,0.3045,0.3045,0,0
RECALL,0.25588235294117645,0.25588235294117645,0,0
F1_MACRO,0.5378247066458527,0.5378247066458527,0,0
F1,0.2780821917808219,0.2780821917808219,0,0
