metric,value,normalized,randomSeed,fold
PRECISION,0.39016666666666666,0.39016666666666666,0,0
RECALL,0.08196778711484594,0.08196778711484594,0,0
F1_MACRO,0.4950201735029422,0.4950201735029422,0,0
F1,0.13547453703703702,0.13547453703703702,0,0
