metric,value,normalized,randomSeed,fold
PRECISION,0.23726666666666665,0.23726666666666665,0,0
RECALL,0.2492296918767507,0.2492296918767507,0,0
F1_MACRO,0.49940548471969237,0.49940548471969237,0,0
F1,0.24310109289617488,0.24310109289617488,0,0
