metric,value,normalized,randomSeed,fold
PRECISION,0.31666666666666665,0.31666666666666665,0,0
RECALL,0.3275862068965517,0.3275862068965517,0,0
F1_MACRO,0.6023659227595805,0.6023659227595805,0,0
F1,0.3220338983050847,0.3220338983050847,0,0
