metric,value,normalized,randomSeed,fold
PRECISION,0.32,0.32,0,0
RECALL,0.38095238095238093,0.38095238095238093,0,0
F1_MACRO,0.5765104460756634,0.5765104460756634,0,0
F1,0.34782608695652173,0.34782608695652173,0,0
