metric,value,normalized,randomSeed,fold
PRECISION,0.42,0.42,0,0
RECALL,0.6176470588235294,0.6176470588235294,0,0
F1_MACRO,0.6835443037974683,0.6835443037974683,0,0
F1,0.5,0.5,0,0
