metric,value,normalized,randomSeed,fold
PRECISION,0.45,0.45,0,0
RECALL,0.5294117647058824,0.5294117647058824,0,0
F1_MACRO,0.6849610346542861,0.6849610346542861,0,0
F1,0.48648648648648646,0.48648648648648646,0,0
