metric,value,normalized,randomSeed,fold
PRECISION,0.2,0.2,0,0
RECALL,0.21428571428571427,0.21428571428571427,0,0
F1_MACRO,0.5361968138737648,0.5361968138737648,0,0
F1,0.20689655172413796,0.20689655172413796,0,0
