metric,value,normalized,randomSeed,fold
PRECISION,0.15,0.15,0,0
RECALL,0.16216216216216217,0.16216216216216217,0,0
F1_MACRO,0.5329704873273338,0.5329704873273338,0,0
F1,0.15584415584415584,0.15584415584415584,0,0
