metric,value,normalized,randomSeed,fold
PRECISION,0.3684210526315789,0.3684210526315789,0,0
RECALL,0.7,0.7,0,0
F1_MACRO,0.721163676921647,0.721163676921647,0,0
F1,0.48275862068965514,0.48275862068965514,0,0
