metric,value,normalized,randomSeed,fold
PRECISION,0.1875,0.1875,0,0
RECALL,0.24324324324324326,0.24324324324324326,0,0
F1_MACRO,0.4995331465919701,0.4995331465919701,0,0
F1,0.21176470588235297,0.21176470588235297,0,0
