metric,value,normalized,randomSeed,fold
PRECISION,0.16666666666666666,0.16666666666666666,0,0
RECALL,0.1891891891891892,0.1891891891891892,0,0
F1_MACRO,0.4873614890177057,0.4873614890177057,0,0
F1,0.1772151898734177,0.1772151898734177,0,0
