metric,value,normalized,randomSeed,fold
PRECISION,0.15,0.15,0,0
RECALL,0.16666666666666666,0.16666666666666666,0,0
F1_MACRO,0.5347484733934282,0.5347484733934282,0,0
F1,0.15789473684210525,0.15789473684210525,0,0
