metric,value,normalized,randomSeed,fold
PRECISION,0.2857142857142857,0.2857142857142857,0,0
RECALL,0.1111111111111111,0.1111111111111111,0,0
F1_MACRO,0.552,0.552,0,0
F1,0.16,0.16,0,0
