metric,value,normalized,randomSeed,fold
PRECISION,0.2,0.2,0,0
RECALL,0.1111111111111111,0.1111111111111111,0,0
F1_MACRO,0.5391705069124424,0.5391705069124424,0,0
F1,0.14285714285714285,0.14285714285714285,0,0
