metric,value,normalized,randomSeed,fold
PRECISION,0.425,0.425,0,0
RECALL,0.4533333333333333,0.4533333333333333,0,0
F1_MACRO,0.6519129782445612,0.6519129782445612,0,0
F1,0.43870967741935485,0.43870967741935485,0,0
