metric,value,normalized,randomSeed,fold
PRECISION,0.18,0.18,0,0
RECALL,0.24324324324324326,0.24324324324324326,0,0
F1_MACRO,0.49322463368954506,0.49322463368954506,0,0
F1,0.20689655172413796,0.20689655172413796,0,0
