metric,value,normalized,randomSeed,fold
PRECISION,0.075,0.075,0,0
RECALL,0.10714285714285714,0.10714285714285714,0,0
F1_MACRO,0.4507441530829199,0.4507441530829199,0,0
F1,0.08823529411764705,0.08823529411764705,0,0
