metric,value,normalized,randomSeed,fold
PRECISION,0.425,0.425,0,0
RECALL,0.6071428571428571,0.6071428571428571,0,0
F1_MACRO,0.6987951807228916,0.6987951807228916,0,0
F1,0.5,0.5,0,0
