metric,value,normalized,randomSeed,fold
PRECISION,0.03333333333333333,0.03333333333333333,0,0
RECALL,0.05263157894736842,0.05263157894736842,0,0
F1_MACRO,0.4534565963137392,0.4534565963137392,0,0
F1,0.04081632653061225,0.04081632653061225,0,0
