metric,value,normalized,randomSeed,fold
PRECISION,0.13333333333333333,0.13333333333333333,0,0
RECALL,0.14285714285714285,0.14285714285714285,0,0
F1_MACRO,0.49586610203670095,0.49586610203670095,0,0
F1,0.1379310344827586,0.1379310344827586,0,0
