metric,value,normalized,randomSeed,fold
PRECISION,0.475,0.475,0,0
RECALL,0.6785714285714286,0.6785714285714286,0,0
F1_MACRO,0.7342310418143162,0.7342310418143162,0,0
F1,0.5588235294117648,0.5588235294117648,0,0
