metric,value,normalized,randomSeed,fold
PRECISION,0.6,0.6,0,0
RECALL,0.7058823529411765,0.7058823529411765,0,0
F1_MACRO,0.7844470237108273,0.7844470237108273,0,0
F1,0.6486486486486486,0.6486486486486486,0,0
