metric,value,normalized,randomSeed,fold
PRECISION,0.56,0.56,0,0
RECALL,0.8235294117647058,0.8235294117647058,0,0
F1_MACRO,0.7890295358649788,0.7890295358649788,0,0
F1,0.6666666666666666,0.6666666666666666,0,0
