metric,value,normalized,randomSeed,fold
PRECISION,0.2903225806451613,0.2903225806451613,0,0
RECALL,0.23684210526315788,0.23684210526315788,0,0
F1_MACRO,0.5955510616784631,0.5955510616784631,0,0
F1,0.2608695652173913,0.2608695652173913,0,0
