metric,value,normalized,randomSeed,fold
PRECISION,0.3375,0.3375,0,0
RECALL,0.36,0.36,0,0
F1_MACRO,0.5958989747436858,0.5958989747436858,0,0
F1,0.34838709677419355,0.34838709677419355,0,0
