metric,value,normalized,randomSeed,fold
PRECISION,0.38333333333333336,0.38333333333333336,0,0
RECALL,0.38333333333333336,0.38333333333333336,0,0
F1_MACRO,0.6372549019607844,0.6372549019607844,0,0
F1,0.38333333333333336,0.38333333333333336,0,0
