metric,value,normalized,randomSeed,fold
PRECISION,0.18333333333333332,0.18333333333333332,0,0
RECALL,0.18333333333333332,0.18333333333333332,0,0
F1_MACRO,0.5196078431372548,0.5196078431372548,0,0
F1,0.18333333333333332,0.18333333333333332,0,0
