metric,value,normalized,randomSeed,fold
PRECISION,0.26666666666666666,0.26666666666666666,0,0
RECALL,0.4444444444444444,0.4444444444444444,0,0
F1_MACRO,0.6212121212121212,0.6212121212121212,0,0
F1,0.33333333333333337,0.33333333333333337,0,0
