metric,value,normalized,randomSeed,fold
PRECISION,0.4,0.4,0,0
RECALL,0.41379310344827586,0.41379310344827586,0,0
F1_MACRO,0.652070182414633,0.652070182414633,0,0
F1,0.4067796610169491,0.4067796610169491,0,0
