metric,value,normalized,randomSeed,fold
PRECISION,0.125,0.125,0,0
RECALL,0.14705882352941177,0.14705882352941177,0,0
F1_MACRO,0.4694080583651135,0.4694080583651135,0,0
F1,0.13513513513513511,0.13513513513513511,0,0
