metric,value,normalized,randomSeed,fold
PRECISION,0.3,0.3,0,0
RECALL,0.3103448275862069,0.3103448275862069,0,0
F1_MACRO,0.59242507082857,0.59242507082857,0,0
F1,0.3050847457627119,0.3050847457627119,0,0
