metric,value,normalized,randomSeed,fold
PRECISION,0.35,0.35,0,0
RECALL,0.5,0.5,0,0
F1_MACRO,0.6456413890857549,0.6456413890857549,0,0
F1,0.4117647058823529,0.4117647058823529,0,0
