metric,value,normalized,randomSeed,fold
PRECISION,0.36666666666666664,0.36666666666666664,0,0
RECALL,0.39285714285714285,0.39285714285714285,0,0
F1_MACRO,0.6370235934664246,0.6370235934664246,0,0
F1,0.3793103448275862,0.3793103448275862,0,0
