metric,value,normalized,randomSeed,fold
PRECISION,0.4,0.4,0,0
RECALL,0.6,0.6,0,0
F1_MACRO,0.7028571428571428,0.7028571428571428,0,0
F1,0.48,0.48,0,0
