metric,value,normalized,randomSeed,fold
PRECISION,0.3,0.3,0,0
RECALL,0.45,0.45,0,0
F1_MACRO,0.6342857142857143,0.6342857142857143,0,0
F1,0.36000000000000004,0.36000000000000004,0,0
