metric,value,normalized,randomSeed,fold
PRECISION,0.05263157894736842,0.05263157894736842,0,0
RECALL,0.05263157894736842,0.05263157894736842,0,0
F1_MACRO,0.47659203256760685,0.47659203256760685,0,0
F1,0.05263157894736842,0.05263157894736842,0,0
