metric,value,normalized,randomSeed,fold
PRECISION,0.05,0.05,0,0
RECALL,0.1,0.1,0,0
F1_MACRO,0.49549549549549543,0.49549549549549543,0,0
F1,0.06666666666666667,0.06666666666666667,0,0
