metric,value,normalized,randomSeed,fold
PRECISION,0.18181818181818182,0.18181818181818182,0,0
RECALL,0.1,0.1,0,0
F1_MACRO,0.5469608624522841,0.5469608624522841,0,0
F1,0.12903225806451613,0.12903225806451613,0,0
