metric,value,normalized,randomSeed,fold
PRECISION,0.2,0.2,0,0
RECALL,0.2702702702702703,0.2702702702702703,0,0
F1_MACRO,0.5079137747420219,0.5079137747420219,0,0
F1,0.22988505747126436,0.22988505747126436,0,0
