metric,value,normalized,randomSeed,fold
PRECISION,0.23333333333333334,0.23333333333333334,0,0
RECALL,0.2916666666666667,0.2916666666666667,0,0
F1_MACRO,0.5718261614215372,0.5718261614215372,0,0
F1,0.2592592592592593,0.2592592592592593,0,0
