metric,value,normalized,randomSeed,fold
PRECISION,0.2625,0.2625,0,0
RECALL,0.3088235294117647,0.3088235294117647,0,0
F1_MACRO,0.5606035483336098,0.5606035483336098,0,0
F1,0.2837837837837838,0.2837837837837838,0,0
