metric,value,normalized,randomSeed,fold
PRECISION,0.16,0.16,0,0
RECALL,0.23529411764705882,0.23529411764705882,0,0
F1_MACRO,0.48764315852923446,0.48764315852923446,0,0
F1,0.19047619047619052,0.19047619047619052,0,0
