metric,value,normalized,randomSeed,fold
PRECISION,0.35,0.35,0,0
RECALL,0.35,0.35,0,0
F1_MACRO,0.6388888888888888,0.6388888888888888,0,0
F1,0.35,0.35,0,0
