metric,value,normalized,randomSeed,fold
PRECISION,0.3103448275862069,0.3103448275862069,0,0
RECALL,0.375,0.375,0,0
F1_MACRO,0.6193790440976565,0.6193790440976565,0,0
F1,0.339622641509434,0.339622641509434,0,0
