metric,value,normalized,randomSeed,fold
PRECISION,0.2631578947368421,0.2631578947368421,0,0
RECALL,0.4166666666666667,0.4166666666666667,0,0
F1_MACRO,0.5991601450658522,0.5991601450658522,0,0
F1,0.3225806451612903,0.3225806451612903,0,0
