metric,value,normalized,randomSeed,fold
PRECISION,0.6,0.6,0,0
RECALL,0.631578947368421,0.631578947368421,0,0
F1_MACRO,0.7869166844236097,0.7869166844236097,0,0
F1,0.6153846153846154,0.6153846153846154,0,0
