metric,value,normalized,randomSeed,fold
PRECISION,0.43333333333333335,0.43333333333333335,0,0
RECALL,0.6842105263157895,0.6842105263157895,0,0
F1_MACRO,0.7325425896854468,0.7325425896854468,0,0
F1,0.5306122448979592,0.5306122448979592,0,0
