metric,value,normalized,randomSeed,fold
PRECISION,0.717948717948718,0.717948717948718,0,0
RECALL,0.7567567567567568,0.7567567567567568,0,0
F1_MACRO,0.8375568551007149,0.8375568551007149,0,0
F1,0.736842105263158,0.736842105263158,0,0
