metric,value,normalized,randomSeed,fold
PRECISION,0.6530612244897959,0.6530612244897959,0,0
RECALL,0.8648648648648649,0.8648648648648649,0,0
F1_MACRO,0.837061176122056,0.837061176122056,0,0
F1,0.7441860465116279,0.7441860465116279,0,0
