metric,value,normalized,randomSeed,fold
PRECISION,0.15,0.15,0,0
RECALL,0.3,0.3,0,0
F1_MACRO,0.5675675675675675,0.5675675675675675,0,0
F1,0.2,0.2,0,0
