metric,value,normalized,randomSeed,fold
PRECISION,0.125,0.125,0,0
RECALL,0.125,0.125,0,0
F1_MACRO,0.5138888888888888,0.5138888888888888,0,0
F1,0.125,0.125,0,0
