metric,value,normalized,randomSeed,fold
PRECISION,0.475,0.475,0,0
RECALL,0.5,0.5,0,0
F1_MACRO,0.6814779423475076,0.6814779423475076,0,0
F1,0.48717948717948717,0.48717948717948717,0,0
