metric,value,normalized,randomSeed,fold
PRECISION,0.46,0.46,0,0
RECALL,0.6052631578947368,0.6052631578947368,0,0
F1_MACRO,0.694055944055944,0.694055944055944,0,0
F1,0.5227272727272727,0.5227272727272727,0,0
