metric,value,normalized,randomSeed,fold
PRECISION,0.35,0.35,0,0
RECALL,0.7,0.7,0,0
F1_MACRO,0.7117117117117117,0.7117117117117117,0,0
F1,0.4666666666666667,0.4666666666666667,0,0
