metric,value,normalized,randomSeed,fold
PRECISION,0.13333333333333333,0.13333333333333333,0,0
RECALL,0.14035087719298245,0.14035087719298245,0,0
F1_MACRO,0.49443756178748866,0.49443756178748866,0,0
F1,0.13675213675213677,0.13675213675213677,0,0
