metric,value,normalized,randomSeed,fold
PRECISION,0.43333333333333335,0.43333333333333335,0,0
RECALL,0.5416666666666666,0.5416666666666666,0,0
F1_MACRO,0.700278312995076,0.700278312995076,0,0
F1,0.4814814814814815,0.4814814814814815,0,0
