metric,value,normalized,randomSeed,fold
PRECISION,0.2125,0.2125,0,0
RECALL,0.25,0.25,0,0
F1_MACRO,0.5274415519814293,0.5274415519814293,0,0
F1,0.22972972972972971,0.22972972972972971,0,0
