metric,value,normalized,randomSeed,fold
PRECISION,0.16666666666666666,0.16666666666666666,0,0
RECALL,0.2631578947368421,0.2631578947368421,0,0
F1_MACRO,0.546485260770975,0.546485260770975,0,0
F1,0.2040816326530612,0.2040816326530612,0,0
