metric,value,normalized,randomSeed,fold
PRECISION,0.07894736842105263,0.07894736842105263,0,0
RECALL,0.125,0.125,0,0
F1_MACRO,0.465546860087803,0.465546860087803,0,0
F1,0.0967741935483871,0.0967741935483871,0,0
