metric,value,normalized,randomSeed,fold
PRECISION,0.08955223880597014,0.08955223880597014,0,0
RECALL,0.6,0.6,0,0
F1_MACRO,0.47730288287563827,0.47730288287563827,0,0
F1,0.1558441558441558,0.1558441558441558,0,0
