metric,value,normalized,randomSeed,fold
PRECISION,0.07446808510638298,0.07446808510638298,0,0
RECALL,0.7,0.7,0,0
F1_MACRO,0.41528066528066526,0.41528066528066526,0,0
F1,0.13461538461538458,0.13461538461538458,0,0
