metric,value,normalized,randomSeed,fold
PRECISION,0.10526315789473684,0.10526315789473684,0,0
RECALL,0.2,0.2,0,0
F1_MACRO,0.5352727948694116,0.5352727948694116,0,0
F1,0.13793103448275862,0.13793103448275862,0,0
