metric,value,normalized,randomSeed,fold
PRECISION,0.225,0.225,0,0
RECALL,0.375,0.375,0,0
F1_MACRO,0.5721726190476191,0.5721726190476191,0,0
F1,0.28125000000000006,0.28125000000000006,0,0
