metric,value,normalized,randomSeed,fold
PRECISION,0.15384615384615385,0.15384615384615385,0,0
RECALL,0.2,0.2,0,0
F1_MACRO,0.561757582747088,0.561757582747088,0,0
F1,0.17391304347826086,0.17391304347826086,0,0
