metric,value,normalized,randomSeed,fold
PRECISION,0.05,0.05,0,0
RECALL,0.058823529411764705,0.058823529411764705,0,0
F1_MACRO,0.419665063836843,0.419665063836843,0,0
F1,0.05405405405405405,0.05405405405405405,0,0
