metric,value,normalized,randomSeed,fold
PRECISION,0.025,0.025,0,0
RECALL,0.02564102564102564,0.02564102564102564,0,0
F1_MACRO,0.4592601695956741,0.4592601695956741,0,0
F1,0.02531645569620253,0.02531645569620253,0,0
