metric,value,normalized,randomSeed,fold
PRECISION,0.55,0.55,0,0
RECALL,0.6470588235294118,0.6470588235294118,0,0
F1_MACRO,0.751285027358647,0.751285027358647,0,0
F1,0.5945945945945946,0.5945945945945946,0,0
