metric,value,normalized,randomSeed,fold
PRECISION,0.52,0.52,0,0
RECALL,0.7647058823529411,0.7647058823529411,0,0
F1_MACRO,0.7588908981314044,0.7588908981314044,0,0
F1,0.6190476190476191,0.6190476190476191,0,0
