metric,value,normalized,randomSeed,fold
PRECISION,0.18333333333333332,0.18333333333333332,0,0
RECALL,0.19298245614035087,0.19298245614035087,0,0
F1_MACRO,0.5244709739585289,0.5244709739585289,0,0
F1,0.18803418803418803,0.18803418803418803,0,0
