metric,value,normalized,randomSeed,fold
PRECISION,0.075,0.075,0,0
RECALL,0.08823529411764706,0.08823529411764706,0,0
F1_MACRO,0.4362460620129332,0.4362460620129332,0,0
F1,0.08108108108108107,0.08108108108108107,0,0
