metric,value,normalized,randomSeed,fold
PRECISION,0.4406779661016949,0.4406779661016949,0,0
RECALL,0.4482758620689655,0.4482758620689655,0,0
F1_MACRO,0.6746380348137303,0.6746380348137303,0,0
F1,0.4444444444444445,0.4444444444444445,0,0
