metric,value,normalized,randomSeed,fold
PRECISION,0.425,0.425,0,0
RECALL,0.4358974358974359,0.4358974358974359,0,0
F1_MACRO,0.6839832159974718,0.6839832159974718,0,0
F1,0.43037974683544306,0.43037974683544306,0,0
