metric,value,normalized,randomSeed,fold
PRECISION,0.3,0.3,0,0
RECALL,0.35294117647058826,0.35294117647058826,0,0
F1_MACRO,0.585475045597745,0.585475045597745,0,0
F1,0.3243243243243243,0.3243243243243243,0,0
