metric,value,normalized,randomSeed,fold
PRECISION,0.2125,0.2125,0,0
RECALL,0.22666666666666666,0.22666666666666666,0,0
F1_MACRO,0.5158789697424355,0.5158789697424355,0,0
F1,0.21935483870967742,0.21935483870967742,0,0
