metric,value,normalized,randomSeed,fold
PRECISION,0.1,0.1,0,0
RECALL,0.10714285714285714,0.10714285714285714,0,0
F1_MACRO,0.475700746118169,0.475700746118169,0,0
F1,0.10344827586206898,0.10344827586206898,0,0
