metric,value,normalized,randomSeed,fold
PRECISION,0.4166666666666667,0.4166666666666667,0,0
RECALL,0.43103448275862066,0.43103448275862066,0,0
F1_MACRO,0.6620110343456433,0.6620110343456433,0,0
F1,0.423728813559322,0.423728813559322,0,0
