metric,value,normalized,randomSeed,fold
PRECISION,0.5,0.5,0,0
RECALL,1.0,1.0,0,0
F1_MACRO,0.8198198198198199,0.8198198198198199,0,0
F1,0.6666666666666666,0.6666666666666666,0,0
