metric,value,normalized,randomSeed,fold
PRECISION,0.43,0.43,0,0
RECALL,0.5119047619047619,0.5119047619047619,0,0
F1_MACRO,0.6541501976284585,0.6541501976284585,0,0
F1,0.4673913043478261,0.4673913043478261,0,0
