metric,value,normalized,randomSeed,fold
PRECISION,0.8,0.8,0,0
RECALL,0.8571428571428571,0.8571428571428571,0,0
F1_MACRO,0.8991732204073402,0.8991732204073402,0,0
F1,0.8275862068965518,0.8275862068965518,0,0
