metric,value,normalized,randomSeed,fold
PRECISION,0.6410256410256411,0.6410256410256411,0,0
RECALL,0.8928571428571429,0.8928571428571429,0,0
F1_MACRO,0.8476088028326835,0.8476088028326835,0,0
F1,0.746268656716418,0.746268656716418,0,0
