metric,value,normalized,randomSeed,fold
PRECISION,0.15,0.15,0,0
RECALL,0.15,0.15,0,0
F1_MACRO,0.5526315789473684,0.5526315789473684,0,0
F1,0.15,0.15,0,0
