metric,value,normalized,randomSeed,fold
PRECISION,0.3,0.3,0,0
RECALL,0.40540540540540543,0.40540540540540543,0,0
F1_MACRO,0.5813594800044068,0.5813594800044068,0,0
F1,0.3448275862068966,0.3448275862068966,0,0
