metric,value,normalized,randomSeed,fold
PRECISION,0.2,0.2,0,0
RECALL,0.21621621621621623,0.21621621621621623,0,0
F1_MACRO,0.5617107650302672,0.5617107650302672,0,0
F1,0.2077922077922078,0.2077922077922078,0,0
