metric,value,normalized,randomSeed,fold
PRECISION,0.1,0.1,0,0
RECALL,0.10526315789473684,0.10526315789473684,0,0
F1_MACRO,0.5028055969884225,0.5028055969884225,0,0
F1,0.10256410256410256,0.10256410256410256,0,0
