metric,value,normalized,randomSeed,fold
PRECISION,0.5333333333333333,0.5333333333333333,0,0
RECALL,0.5714285714285714,0.5714285714285714,0,0
F1_MACRO,0.7378503730590844,0.7378503730590844,0,0
F1,0.5517241379310344,0.5517241379310344,0,0
