metric,value,normalized,randomSeed,fold
PRECISION,0.45,0.45,0,0
RECALL,0.6428571428571429,0.6428571428571429,0,0
F1_MACRO,0.7165131112686038,0.7165131112686038,0,0
F1,0.5294117647058824,0.5294117647058824,0,0
