metric,value,normalized,randomSeed,fold
PRECISION,0.7,0.7,0,0
RECALL,0.7777777777777778,0.7777777777777778,0,0
F1_MACRO,0.8546088979354463,0.8546088979354463,0,0
F1,0.7368421052631577,0.7368421052631577,0,0
