metric,value,normalized,randomSeed,fold
PRECISION,0.3333333333333333,0.3333333333333333,0,0
RECALL,0.5263157894736842,0.5263157894736842,0,0
F1_MACRO,0.6627710913425199,0.6627710913425199,0,0
F1,0.4081632653061224,0.4081632653061224,0,0
