metric,value,normalized,randomSeed,fold
PRECISION,0.025,0.025,0,0
RECALL,0.041666666666666664,0.041666666666666664,0,0
F1_MACRO,0.42336309523809523,0.42336309523809523,0,0
F1,0.03125,0.03125,0,0
