metric,value,normalized,randomSeed,fold
PRECISION,0.06,0.06,0,0
RECALL,0.08823529411764706,0.08823529411764706,0,0
F1_MACRO,0.4122965641952983,0.4122965641952983,0,0
F1,0.07142857142857141,0.07142857142857141,0,0
