metric,value,normalized,randomSeed,fold
PRECISION,0.1,0.1,0,0
RECALL,0.11764705882352941,0.11764705882352941,0,0
F1_MACRO,0.4528270601890234,0.4528270601890234,0,0
F1,0.1081081081081081,0.1081081081081081,0,0
