metric,value,normalized,randomSeed,fold
PRECISION,0.24,0.24,0,0
RECALL,0.2857142857142857,0.2857142857142857,0,0
F1_MACRO,0.5200451722190853,0.5200451722190853,0,0
F1,0.2608695652173913,0.2608695652173913,0,0
