metric,value,normalized,randomSeed,fold
PRECISION,0.18,0.18,0,0
RECALL,0.2647058823529412,0.2647058823529412,0,0
F1_MACRO,0.5027124773960217,0.5027124773960217,0,0
F1,0.21428571428571427,0.21428571428571427,0,0
