metric,value,normalized,randomSeed,fold
PRECISION,0.35,0.35,0,0
RECALL,0.3888888888888889,0.3888888888888889,0,0
F1_MACRO,0.6510613550450712,0.6510613550450712,0,0
F1,0.36842105263157887,0.36842105263157887,0,0
