metric,value,normalized,randomSeed,fold
PRECISION,0.3,0.3,0,0
RECALL,0.5,0.5,0,0
F1_MACRO,0.6448863636363635,0.6448863636363635,0,0
F1,0.37499999999999994,0.37499999999999994,0,0
