metric,value,normalized,randomSeed,fold
PRECISION,0.36666666666666664,0.36666666666666664,0,0
RECALL,0.6111111111111112,0.6111111111111112,0,0
F1_MACRO,0.6922348484848484,0.6922348484848484,0,0
F1,0.45833333333333326,0.45833333333333326,0,0
