metric,value,normalized,randomSeed,fold
PRECISION,0.55,0.55,0,0
RECALL,0.6111111111111112,0.6111111111111112,0,0
F1_MACRO,0.7673742366967142,0.7673742366967142,0,0
F1,0.5789473684210527,0.5789473684210527,0,0
