metric,value,normalized,randomSeed,fold
PRECISION,0.5,0.5,0,0
RECALL,0.5882352941176471,0.5882352941176471,0,0
F1_MACRO,0.7181230310064666,0.7181230310064666,0,0
F1,0.5405405405405405,0.5405405405405405,0,0
