metric,value,normalized,randomSeed,fold
PRECISION,0.44,0.44,0,0
RECALL,0.6470588235294118,0.6470588235294118,0,0
F1_MACRO,0.6986136226642556,0.6986136226642556,0,0
F1,0.5238095238095238,0.5238095238095238,0,0
