metric,value,normalized,randomSeed,fold
PRECISION,0.22448979591836735,0.22448979591836735,0,0
RECALL,0.3235294117647059,0.3235294117647059,0,0
F1_MACRO,0.5363156094409183,0.5363156094409183,0,0
F1,0.26506024096385544,0.26506024096385544,0,0
