metric,value,normalized,randomSeed,fold
PRECISION,0.2564102564102564,0.2564102564102564,0,0
RECALL,0.29411764705882354,0.29411764705882354,0,0
F1_MACRO,0.555946546018181,0.555946546018181,0,0
F1,0.273972602739726,0.273972602739726,0,0
