metric,value,normalized,randomSeed,fold
PRECISION,0.4375,0.4375,0,0
RECALL,0.6176470588235294,0.6176470588235294,0,0
F1_MACRO,0.6932044792146035,0.6932044792146035,0,0
F1,0.5121951219512195,0.5121951219512195,0,0
