metric,value,normalized,randomSeed,fold
PRECISION,0.5263157894736842,0.5263157894736842,0,0
RECALL,0.5882352941176471,0.5882352941176471,0,0
F1_MACRO,0.7289972899728996,0.7289972899728996,0,0
F1,0.5555555555555555,0.5555555555555555,0,0
