metric,value,normalized,randomSeed,fold
PRECISION,0.175,0.175,0,0
RECALL,0.20588235294117646,0.20588235294117646,0,0
F1_MACRO,0.502570054717294,0.502570054717294,0,0
F1,0.18918918918918917,0.18918918918918917,0,0
