metric,value,normalized,randomSeed,fold
PRECISION,0.175,0.175,0,0
RECALL,0.18666666666666668,0.18666666666666668,0,0
F1_MACRO,0.4918729682420605,0.4918729682420605,0,0
F1,0.18064516129032254,0.18064516129032254,0,0
