metric,value,normalized,randomSeed,fold
PRECISION,0.15789473684210525,0.15789473684210525,0,0
RECALL,0.21428571428571427,0.21428571428571427,0,0
F1_MACRO,0.5100707675557975,0.5100707675557975,0,0
F1,0.18181818181818182,0.18181818181818182,0,0
