metric,value,normalized,randomSeed,fold
PRECISION,0.3333333333333333,0.3333333333333333,0,0
RECALL,0.4166666666666667,0.4166666666666667,0,0
F1_MACRO,0.6360522372083066,0.6360522372083066,0,0
F1,0.3703703703703704,0.3703703703703704,0,0
