metric,value,normalized,randomSeed,fold
PRECISION,0.075,0.075,0,0
RECALL,0.07894736842105263,0.07894736842105263,0,0
F1_MACRO,0.4886000426166631,0.4886000426166631,0,0
F1,0.07692307692307693,0.07692307692307693,0,0
