metric,value,normalized,randomSeed,fold
PRECISION,0.4444444444444444,0.4444444444444444,0,0
RECALL,0.8,0.8,0,0
F1_MACRO,0.7695852534562212,0.7695852534562212,0,0
F1,0.5714285714285714,0.5714285714285714,0,0
