metric,value,normalized,randomSeed,fold
PRECISION,0.8,0.8,0,0
RECALL,0.4,0.4,0,0
F1_MACRO,0.7575757575757576,0.7575757575757576,0,0
F1,0.5333333333333333,0.5333333333333333,0,0
