metric,value,normalized,randomSeed,fold
PRECISION,0.1375,0.1375,0,0
RECALL,0.14666666666666667,0.14666666666666667,0,0
F1_MACRO,0.46786696674168543,0.46786696674168543,0,0
F1,0.14193548387096774,0.14193548387096774,0,0
