metric,value,normalized,randomSeed,fold
PRECISION,0.45,0.45,0,0
RECALL,0.47368421052631576,0.47368421052631576,0,0
F1_MACRO,0.6846491722040771,0.6846491722040771,0,0
F1,0.46153846153846156,0.46153846153846156,0,0
