metric,value,normalized,randomSeed,fold
PRECISION,0.07692307692307693,0.07692307692307693,0,0
RECALL,0.05263157894736842,0.05263157894736842,0,0
F1_MACRO,0.49048913043478265,0.49048913043478265,0,0
F1,0.0625,0.0625,0,0
