metric,value,normalized,randomSeed,fold
PRECISION,0.11764705882352941,0.11764705882352941,0,0
RECALL,0.10526315789473684,0.10526315789473684,0,0
F1_MACRO,0.5115995115995117,0.5115995115995117,0,0
F1,0.1111111111111111,0.1111111111111111,0,0
