metric,value,normalized,randomSeed,fold
PRECISION,0.18333333333333332,0.18333333333333332,0,0
RECALL,0.1896551724137931,0.1896551724137931,0,0
F1_MACRO,0.5228391073114966,0.5228391073114966,0,0
F1,0.1864406779661017,0.1864406779661017,0,0
