metric,value,normalized,randomSeed,fold
PRECISION,0.575,0.575,0,0
RECALL,0.6764705882352942,0.6764705882352942,0,0
F1_MACRO,0.7678660255347372,0.7678660255347372,0,0
F1,0.6216216216216216,0.6216216216216216,0,0
