metric,value,normalized,randomSeed,fold
PRECISION,0.1891891891891892,0.1891891891891892,0,0
RECALL,0.1794871794871795,0.1794871794871795,0,0
F1_MACRO,0.5492875835998837,0.5492875835998837,0,0
F1,0.1842105263157895,0.1842105263157895,0,0
