metric,value,normalized,randomSeed,fold
PRECISION,0.85,0.85,0,0
RECALL,0.918918918918919,0.918918918918919,0,0
F1_MACRO,0.9276265530135499,0.9276265530135499,0,0
F1,0.8831168831168831,0.8831168831168831,0,0
