metric,value,normalized,randomSeed,fold
PRECISION,0.45,0.45,0,0
RECALL,0.45,0.45,0,0
F1_MACRO,0.7105263157894737,0.7105263157894737,0,0
F1,0.45,0.45,0,0
