metric,value,normalized,randomSeed,fold
PRECISION,0.66,0.66,0,0
RECALL,0.8918918918918919,0.8918918918918919,0,0
F1_MACRO,0.8457640189489921,0.8457640189489921,0,0
F1,0.7586206896551725,0.7586206896551725,0,0
