metric,value,normalized,randomSeed,fold
PRECISION,0.75,0.75,0,0
RECALL,0.8108108108108109,0.8108108108108109,0,0
F1_MACRO,0.8632946001367053,0.8632946001367053,0,0
F1,0.7792207792207791,0.7792207792207791,0,0
