metric,value,normalized,randomSeed,fold
PRECISION,0.21,0.21,0,0
RECALL,0.25,0.25,0,0
F1_MACRO,0.4988706945228685,0.4988706945228685,0,0
F1,0.2282608695652174,0.2282608695652174,0,0
