metric,value,normalized,randomSeed,fold
PRECISION,0.8,0.8,0,0
RECALL,0.8888888888888888,0.8888888888888888,0,0
F1_MACRO,0.9127653387612678,0.9127653387612678,0,0
F1,0.8421052631578948,0.8421052631578948,0,0
