metric,value,normalized,randomSeed,fold
PRECISION,0.42,0.42,0,0
RECALL,0.5675675675675675,0.5675675675675675,0,0
F1_MACRO,0.6694943263192685,0.6694943263192685,0,0
F1,0.4827586206896552,0.4827586206896552,0,0
