metric,value,normalized,randomSeed,fold
PRECISION,0.525,0.525,0,0
RECALL,0.5675675675675675,0.5675675675675675,0,0
F1_MACRO,0.7185477061638053,0.7185477061638053,0,0
F1,0.5454545454545455,0.5454545454545455,0,0
