metric,value,normalized,randomSeed,fold
PRECISION,0.5,0.5,0,0
RECALL,0.7352941176470589,0.7352941176470589,0,0
F1_MACRO,0.7438215792646172,0.7438215792646172,0,0
F1,0.5952380952380952,0.5952380952380952,0,0
