metric,value,normalized,randomSeed,fold
PRECISION,0.1,0.1,0,0
RECALL,0.10666666666666667,0.10666666666666667,0,0
F1_MACRO,0.4438609652413103,0.4438609652413103,0,0
F1,0.10322580645161292,0.10322580645161292,0,0
