metric,value,normalized,randomSeed,fold
PRECISION,0.23333333333333334,0.23333333333333334,0,0
RECALL,0.2413793103448276,0.2413793103448276,0,0
F1_MACRO,0.552661663104528,0.552661663104528,0,0
F1,0.23728813559322037,0.23728813559322037,0,0
