metric,value,normalized,randomSeed,fold
PRECISION,0.425,0.425,0,0
RECALL,0.5,0.5,0,0
F1_MACRO,0.668380036478196,0.668380036478196,0,0
F1,0.45945945945945943,0.45945945945945943,0,0
