metric,value,normalized,randomSeed,fold
PRECISION,0.1568627450980392,0.1568627450980392,0,0
RECALL,0.14035087719298245,0.14035087719298245,0,0
F1_MACRO,0.5076000856347678,0.5076000856347678,0,0
F1,0.14814814814814814,0.14814814814814814,0,0
