metric,value,normalized,randomSeed,fold
PRECISION,0.525,0.525,0,0
RECALL,0.5384615384615384,0.5384615384615384,0,0
F1_MACRO,0.7401639775979212,0.7401639775979212,0,0
F1,0.5316455696202531,0.5316455696202531,0,0
