metric,value,normalized,randomSeed,fold
PRECISION,0.5333333333333333,0.5333333333333333,0,0
RECALL,0.8,0.8,0,0
F1_MACRO,0.7942857142857144,0.7942857142857144,0,0
F1,0.64,0.64,0,0
