metric,value,normalized,randomSeed,fold
PRECISION,0.15,0.15,0,0
RECALL,0.21428571428571427,0.21428571428571427,0,0
F1_MACRO,0.5038979447200567,0.5038979447200567,0,0
F1,0.1764705882352941,0.1764705882352941,0,0
