metric,value,normalized,randomSeed,fold
PRECISION,0.06666666666666667,0.06666666666666667,0,0
RECALL,0.1,0.1,0,0
F1_MACRO,0.4742857142857143,0.4742857142857143,0,0
F1,0.08,0.08,0,0
