metric,value,normalized,randomSeed,fold
PRECISION,0.26666666666666666,0.26666666666666666,0,0
RECALL,0.2807017543859649,0.2807017543859649,0,0
F1_MACRO,0.5745266609102626,0.5745266609102626,0,0
F1,0.27350427350427353,0.27350427350427353,0,0
