metric,value,normalized,randomSeed,fold
PRECISION,0.21428571428571427,0.21428571428571427,0,0
RECALL,0.25,0.25,0,0
F1_MACRO,0.5579133510167993,0.5579133510167993,0,0
F1,0.23076923076923075,0.23076923076923075,0,0
