metric,value,normalized,randomSeed,fold
PRECISION,0.15789473684210525,0.15789473684210525,0,0
RECALL,0.25,0.25,0,0
F1_MACRO,0.522809696506967,0.522809696506967,0,0
F1,0.1935483870967742,0.1935483870967742,0,0
