metric,value,normalized,randomSeed,fold
PRECISION,0.35,0.35,0,0
RECALL,0.5833333333333334,0.5833333333333334,0,0
F1_MACRO,0.6651785714285714,0.6651785714285714,0,0
F1,0.4375,0.4375,0,0
