metric,value,normalized,randomSeed,fold
PRECISION,0.32432432432432434,0.32432432432432434,0,0
RECALL,0.5,0.5,0,0
F1_MACRO,0.6421490400889791,0.6421490400889791,0,0
F1,0.39344262295081966,0.39344262295081966,0,0
