metric,value,normalized,randomSeed,fold
PRECISION,0.07407407407407407,0.07407407407407407,0,0
RECALL,0.08333333333333333,0.08333333333333333,0,0
F1_MACRO,0.4718804427215012,0.4718804427215012,0,0
F1,0.07843137254901962,0.07843137254901962,0,0
