metric,value,normalized,randomSeed,fold
PRECISION,0.35,0.35,0,0
RECALL,0.35,0.35,0,0
F1_MACRO,0.6176470588235294,0.6176470588235294,0,0
F1,0.35,0.35,0,0
