metric,value,normalized,randomSeed,fold
PRECISION,0.6875,0.6875,0,0
RECALL,0.8918918918918919,0.8918918918918919,0,0
F1_MACRO,0.858076563958917,0.858076563958917,0,0
F1,0.7764705882352941,0.7764705882352941,0,0
