metric,value,normalized,randomSeed,fold
PRECISION,0.8421052631578947,0.8421052631578947,0,0
RECALL,0.8648648648648649,0.8648648648648649,0,0
F1_MACRO,0.9097435897435897,0.9097435897435897,0,0
F1,0.8533333333333334,0.8533333333333334,0,0
