metric,value,normalized,randomSeed,fold
PRECISION,0.525,0.525,0,0
RECALL,0.6176470588235294,0.6176470588235294,0,0
F1_MACRO,0.7347040291825568,0.7347040291825568,0,0
F1,0.5675675675675677,0.5675675675675677,0,0
