metric,value,normalized,randomSeed,fold
PRECISION,0.6363636363636364,0.6363636363636364,0,0
RECALL,0.5675675675675675,0.5675675675675675,0,0
F1_MACRO,0.7808219178082192,0.7808219178082192,0,0
F1,0.6000000000000001,0.6000000000000001,0,0
