metric,value,normalized,randomSeed,fold
PRECISION,0.5263157894736842,0.5263157894736842,0,0
RECALL,1.0,1.0,0,0
F1_MACRO,0.8326982061529882,0.8326982061529882,0,0
F1,0.6896551724137931,0.6896551724137931,0,0
