metric,value,normalized,randomSeed,fold
PRECISION,0.058823529411764705,0.058823529411764705,0,0
RECALL,0.1,0.1,0,0
F1_MACRO,0.5035249726938735,0.5035249726938735,0,0
F1,0.07407407407407408,0.07407407407407408,0,0
