metric,value,normalized,randomSeed,fold
PRECISION,0.12,0.12,0,0
RECALL,0.17647058823529413,0.17647058823529413,0,0
F1_MACRO,0.45750452079566006,0.45750452079566006,0,0
F1,0.14285714285714282,0.14285714285714282,0,0
