metric,value,normalized,randomSeed,fold
PRECISION,0.15,0.15,0,0
RECALL,0.17647058823529413,0.17647058823529413,0,0
F1_MACRO,0.48598905654120383,0.48598905654120383,0,0
F1,0.16216216216216214,0.16216216216216214,0,0
