metric,value,normalized,randomSeed,fold
PRECISION,0.1,0.1,0,0
RECALL,0.1111111111111111,0.1111111111111111,0,0
F1_MACRO,0.5056702529805176,0.5056702529805176,0,0
F1,0.10526315789473685,0.10526315789473685,0,0
