metric,value,normalized,randomSeed,fold
PRECISION,0.8620689655172413,0.8620689655172413,0,0
RECALL,0.8928571428571429,0.8928571428571429,0,0
F1_MACRO,0.928392409595417,0.928392409595417,0,0
F1,0.8771929824561403,0.8771929824561403,0,0
