metric,value,normalized,randomSeed,fold
PRECISION,0.6842105263157895,0.6842105263157895,0,0
RECALL,0.9285714285714286,0.9285714285714286,0,0
F1_MACRO,0.8729813101070586,0.8729813101070586,0,0
F1,0.7878787878787878,0.7878787878787878,0,0
