metric,value,normalized,randomSeed,fold
PRECISION,0.12903225806451613,0.12903225806451613,0,0
RECALL,0.10526315789473684,0.10526315789473684,0,0
F1_MACRO,0.5162473482820833,0.5162473482820833,0,0
F1,0.11594202898550723,0.11594202898550723,0,0
