metric,value,normalized,randomSeed,fold
PRECISION,0.35135135135135137,0.35135135135135137,0,0
RECALL,0.35135135135135137,0.35135135135135137,0,0
F1_MACRO,0.6426178244360062,0.6426178244360062,0,0
F1,0.35135135135135137,0.35135135135135137,0,0
