metric,value,normalized,randomSeed,fold
PRECISION,0.325,0.325,0,0
RECALL,0.5416666666666666,0.5416666666666666,0,0
F1_MACRO,0.6465773809523809,0.6465773809523809,0,0
F1,0.40624999999999994,0.40624999999999994,0,0
