metric,value,normalized,randomSeed,fold
PRECISION,0.36666666666666664,0.36666666666666664,0,0
RECALL,0.4583333333333333,0.4583333333333333,0,0
F1_MACRO,0.6574609291372298,0.6574609291372298,0,0
F1,0.4074074074074074,0.4074074074074074,0,0
