metric,value,normalized,randomSeed,fold
PRECISION,0.3076923076923077,0.3076923076923077,0,0
RECALL,0.35294117647058826,0.35294117647058826,0,0
F1_MACRO,0.589460014243224,0.589460014243224,0,0
F1,0.3287671232876712,0.3287671232876712,0,0
