metric,value,normalized,randomSeed,fold
PRECISION,0.2857142857142857,0.2857142857142857,0,0
RECALL,0.4117647058823529,0.4117647058823529,0,0
F1_MACRO,0.5819239101516476,0.5819239101516476,0,0
F1,0.3373493975903614,0.3373493975903614,0,0
