metric,value,normalized,randomSeed,fold
PRECISION,0.125,0.125,0,0
RECALL,0.13157894736842105,0.13157894736842105,0,0
F1_MACRO,0.5170111513601818,0.5170111513601818,0,0
F1,0.12820512820512822,0.12820512820512822,0,0
