metric,value,normalized,randomSeed,fold
PRECISION,0.13157894736842105,0.13157894736842105,0,0
RECALL,0.17857142857142858,0.17857142857142858,0,0
F1_MACRO,0.49192524042823443,0.49192524042823443,0,0
F1,0.15151515151515152,0.15151515151515152,0,0
