metric,value,normalized,randomSeed,fold
PRECISION,0.46153846153846156,0.46153846153846156,0,0
RECALL,0.6428571428571429,0.6428571428571429,0,0
F1_MACRO,0.7221101698713639,0.7221101698713639,0,0
F1,0.537313432835821,0.537313432835821,0,0
