metric,value,normalized,randomSeed,fold
PRECISION,0.5666666666666667,0.5666666666666667,0,0
RECALL,0.6071428571428571,0.6071428571428571,0,0
F1_MACRO,0.7580157289776164,0.7580157289776164,0,0
F1,0.5862068965517241,0.5862068965517241,0,0
