metric,value,normalized,randomSeed,fold
PRECISION,0.075,0.075,0,0
RECALL,0.075,0.075,0,0
F1_MACRO,0.4861111111111111,0.4861111111111111,0,0
F1,0.075,0.075,0,0
