metric,value,normalized,randomSeed,fold
PRECISION,0.41,0.41,0,0
RECALL,0.4880952380952381,0.4880952380952381,0,0
F1_MACRO,0.6400338791643139,0.6400338791643139,0,0
F1,0.44565217391304346,0.44565217391304346,0,0
