metric,value,normalized,randomSeed,fold
PRECISION,0.24,0.24,0,0
RECALL,0.35294117647058826,0.35294117647058826,0,0
F1_MACRO,0.5479204339963833,0.5479204339963833,0,0
F1,0.28571428571428564,0.28571428571428564,0,0
