metric,value,normalized,randomSeed,fold
PRECISION,0.4,0.4,0,0
RECALL,0.4,0.4,0,0
F1_MACRO,0.6666666666666667,0.6666666666666667,0,0
F1,0.4000000000000001,0.4000000000000001,0,0
