metric,value,normalized,randomSeed,fold
PRECISION,0.15384615384615385,0.15384615384615385,0,0
RECALL,0.16666666666666666,0.16666666666666666,0,0
F1_MACRO,0.4624,0.4624,0,0
F1,0.16,0.16,0,0
