metric,value,normalized,randomSeed,fold
PRECISION,0.475,0.475,0,0
RECALL,0.7916666666666666,0.7916666666666666,0,0
F1_MACRO,0.7581845238095237,0.7581845238095237,0,0
F1,0.5937499999999999,0.5937499999999999,0,0
