metric,value,normalized,randomSeed,fold
PRECISION,0.75,0.75,0,0
RECALL,0.8333333333333334,0.8333333333333334,0,0
F1_MACRO,0.883687118348357,0.883687118348357,0,0
F1,0.7894736842105262,0.7894736842105262,0,0
