metric,value,normalized,randomSeed,fold
PRECISION,0.2,0.2,0,0
RECALL,0.29411764705882354,0.29411764705882354,0,0
F1_MACRO,0.5177817962628088,0.5177817962628088,0,0
F1,0.2380952380952381,0.2380952380952381,0,0
