metric,value,normalized,randomSeed,fold
PRECISION,0.8,0.8,0,0
RECALL,0.8,0.8,0,0
F1_MACRO,0.8947368421052633,0.8947368421052633,0,0
F1,0.8000000000000002,0.8000000000000002,0,0
