metric,value,normalized,randomSeed,fold
PRECISION,0.4482758620689655,0.4482758620689655,0,0
RECALL,0.6842105263157895,0.6842105263157895,0,0
F1_MACRO,0.7395833333333333,0.7395833333333333,0,0
F1,0.5416666666666666,0.5416666666666666,0,0
