metric,value,normalized,randomSeed,fold
PRECISION,0.6333333333333333,0.6333333333333333,0,0
RECALL,0.95,0.95,0,0
F1_MACRO,0.8628571428571428,0.8628571428571428,0,0
F1,0.7599999999999999,0.7599999999999999,0,0
