metric,value,normalized,randomSeed,fold
PRECISION,0.5918367346938775,0.5918367346938775,0,0
RECALL,0.6904761904761905,0.6904761904761905,0,0
F1_MACRO,0.7652832604288915,0.7652832604288915,0,0
F1,0.6373626373626373,0.6373626373626373,0,0
