metric,value,normalized,randomSeed,fold
PRECISION,0.25,0.25,0,0
RECALL,0.2976190476190476,0.2976190476190476,0,0
F1_MACRO,0.5271033314511575,0.5271033314511575,0,0
F1,0.2717391304347826,0.2717391304347826,0,0
