metric,value,normalized,randomSeed,fold
PRECISION,0.3125,0.3125,0,0
RECALL,0.4411764705882353,0.4411764705882353,0,0
F1_MACRO,0.6011658229789845,0.6011658229789845,0,0
F1,0.3658536585365854,0.3658536585365854,0,0
