metric,value,normalized,randomSeed,fold
PRECISION,0.3684210526315789,0.3684210526315789,0,0
RECALL,0.4117647058823529,0.4117647058823529,0,0
F1_MACRO,0.6273712737127372,0.6273712737127372,0,0
F1,0.3888888888888889,0.3888888888888889,0,0
