metric,value,normalized,randomSeed,fold
PRECISION,0.25,0.25,0,0
RECALL,0.2564102564102564,0.2564102564102564,0,0
F1_MACRO,0.5856668831966853,0.5856668831966853,0,0
F1,0.2531645569620253,0.2531645569620253,0,0
