metric,value,normalized,randomSeed,fold
PRECISION,0.1,0.1,0,0
RECALL,0.15789473684210525,0.15789473684210525,0,0
F1_MACRO,0.4999709285423571,0.4999709285423571,0,0
F1,0.12244897959183673,0.12244897959183673,0,0
