metric,value,normalized,randomSeed,fold
PRECISION,0.2,0.2,0,0
RECALL,0.23809523809523808,0.23809523809523808,0,0
F1_MACRO,0.49181253529079616,0.49181253529079616,0,0
F1,0.21739130434782608,0.21739130434782608,0,0
