metric,value,normalized,randomSeed,fold
PRECISION,0.5862068965517241,0.5862068965517241,0,0
RECALL,0.7083333333333334,0.7083333333333334,0,0
F1_MACRO,0.7933771953672991,0.7933771953672991,0,0
F1,0.6415094339622641,0.6415094339622641,0,0
