metric,value,normalized,randomSeed,fold
PRECISION,0.4473684210526316,0.4473684210526316,0,0
RECALL,0.7083333333333334,0.7083333333333334,0,0
F1_MACRO,0.7327734300439016,0.7327734300439016,0,0
F1,0.5483870967741936,0.5483870967741936,0,0
