metric,value,normalized,randomSeed,fold
PRECISION,0.575,0.575,0,0
RECALL,0.6052631578947368,0.6052631578947368,0,0
F1_MACRO,0.745182353878006,0.745182353878006,0,0
F1,0.5897435897435896,0.5897435897435896,0,0
