metric,value,normalized,randomSeed,fold
PRECISION,0.52,0.52,0,0
RECALL,0.6842105263157895,0.6842105263157895,0,0
F1_MACRO,0.7377622377622377,0.7377622377622377,0,0
F1,0.5909090909090909,0.5909090909090909,0,0
