metric,value,normalized,randomSeed,fold
PRECISION,0.08333333333333333,0.08333333333333333,0,0
RECALL,0.11764705882352941,0.11764705882352941,0,0
F1_MACRO,0.4324282865470164,0.4324282865470164,0,0
F1,0.09756097560975609,0.09756097560975609,0,0
