metric,value,normalized,randomSeed,fold
PRECISION,0.12903225806451613,0.12903225806451613,0,0
RECALL,0.10810810810810811,0.10810810810810811,0,0
F1_MACRO,0.4684620836286322,0.4684620836286322,0,0
F1,0.11764705882352941,0.11764705882352941,0,0
