metric,value,normalized,randomSeed,fold
PRECISION,0.125,0.125,0,0
RECALL,0.08108108108108109,0.08108108108108109,0,0
F1_MACRO,0.46805938391605006,0.46805938391605006,0,0
F1,0.09836065573770492,0.09836065573770492,0,0
