metric,value,normalized,randomSeed,fold
PRECISION,0.34545454545454546,0.34545454545454546,0,0
RECALL,0.3275862068965517,0.3275862068965517,0,0
F1_MACRO,0.613556440081926,0.613556440081926,0,0
F1,0.33628318584070793,0.33628318584070793,0,0
