metric,value,normalized,randomSeed,fold
PRECISION,0.36666666666666664,0.36666666666666664,0,0
RECALL,0.55,0.55,0,0
F1_MACRO,0.6799999999999999,0.6799999999999999,0,0
F1,0.43999999999999995,0.43999999999999995,0,0
