metric,value,normalized,randomSeed,fold
PRECISION,0.3,0.3,0,0
RECALL,0.4411764705882353,0.4411764705882353,0,0
F1_MACRO,0.593128390596745,0.593128390596745,0,0
F1,0.35714285714285715,0.35714285714285715,0,0
