metric,value,normalized,randomSeed,fold
PRECISION,0.325,0.325,0,0
RECALL,0.38235294117647056,0.38235294117647056,0,0
F1_MACRO,0.6020560437738351,0.6020560437738351,0,0
F1,0.35135135135135137,0.35135135135135137,0,0
