metric,value,normalized,randomSeed,fold
PRECISION,0.4827586206896552,0.4827586206896552,0,0
RECALL,0.5833333333333334,0.5833333333333334,0,0
F1_MACRO,0.7281278886411833,0.7281278886411833,0,0
F1,0.5283018867924529,0.5283018867924529,0,0
