metric,value,normalized,randomSeed,fold
PRECISION,0.3684210526315789,0.3684210526315789,0,0
RECALL,0.5833333333333334,0.5833333333333334,0,0
F1_MACRO,0.6755105936247376,0.6755105936247376,0,0
F1,0.4516129032258065,0.4516129032258065,0,0
