metric,value,normalized,randomSeed,fold
PRECISION,0.6,0.6,0,0
RECALL,0.45,0.45,0,0
F1_MACRO,0.746031746031746,0.746031746031746,0,0
F1,0.5142857142857143,0.5142857142857143,0,0
