metric,value,normalized,randomSeed,fold
PRECISION,0.28,0.28,0,0
RECALL,0.3783783783783784,0.3783783783783784,0,0
F1_MACRO,0.5666703389519299,0.5666703389519299,0,0
F1,0.3218390804597701,0.3218390804597701,0,0
