metric,value,normalized,randomSeed,fold
PRECISION,0.225,0.225,0,0
RECALL,0.24324324324324326,0.24324324324324326,0,0
F1_MACRO,0.5255518475332717,0.5255518475332717,0,0
F1,0.23376623376623376,0.23376623376623376,0,0
