metric,value,normalized,randomSeed,fold
PRECISION,0.15151515151515152,0.15151515151515152,0,0
RECALL,0.20833333333333334,0.20833333333333334,0,0
F1_MACRO,0.5192061787120864,0.5192061787120864,0,0
F1,0.1754385964912281,0.1754385964912281,0,0
