metric,value,normalized,randomSeed,fold
PRECISION,0.35,0.35,0,0
RECALL,0.4117647058823529,0.4117647058823529,0,0
F1_MACRO,0.6186370419499254,0.6186370419499254,0,0
F1,0.37837837837837834,0.37837837837837834,0,0
