metric,value,normalized,randomSeed,fold
PRECISION,0.13513513513513514,0.13513513513513514,0,0
RECALL,0.17857142857142858,0.17857142857142858,0,0
F1_MACRO,0.494833524684271,0.494833524684271,0,0
F1,0.15384615384615385,0.15384615384615385,0,0
