metric,value,normalized,randomSeed,fold
PRECISION,0.15384615384615385,0.15384615384615385,0,0
RECALL,0.14285714285714285,0.14285714285714285,0,0
F1_MACRO,0.5076000856347678,0.5076000856347678,0,0
F1,0.14814814814814817,0.14814814814814817,0,0
