metric,value,normalized,randomSeed,fold
PRECISION,0.3,0.3,0,0
RECALL,0.39473684210526316,0.39473684210526316,0,0
F1_MACRO,0.5775058275058276,0.5775058275058276,0,0
F1,0.34090909090909094,0.34090909090909094,0,0
