metric,value,normalized,randomSeed,fold
PRECISION,0.075,0.075,0,0
RECALL,0.08108108108108109,0.08108108108108109,0,0
F1_MACRO,0.48986007077293386,0.48986007077293386,0,0
F1,0.07792207792207792,0.07792207792207792,0,0
