metric,value,normalized,randomSeed,fold
PRECISION,0.43333333333333335,0.43333333333333335,0,0
RECALL,0.4482758620689655,0.4482758620689655,0,0
F1_MACRO,0.6719518862766539,0.6719518862766539,0,0
F1,0.44067796610169496,0.44067796610169496,0,0
