metric,value,normalized,randomSeed,fold
PRECISION,0.1625,0.1625,0,0
RECALL,0.17333333333333334,0.17333333333333334,0,0
F1_MACRO,0.4838709677419355,0.4838709677419355,0,0
F1,0.167741935483871,0.167741935483871,0,0
