metric,value,normalized,randomSeed,fold
PRECISION,0.1,0.1,0,0
RECALL,0.125,0.125,0,0
F1_MACRO,0.4861913937058445,0.4861913937058445,0,0
F1,0.11111111111111112,0.11111111111111112,0,0
