metric,value,normalized,randomSeed,fold
PRECISION,0.25,0.25,0,0
RECALL,0.2702702702702703,0.2702702702702703,0,0
F1_MACRO,0.5904510427332005,0.5904510427332005,0,0
F1,0.25974025974025977,0.25974025974025977,0,0
