metric,value,normalized,randomSeed,fold
PRECISION,0.6666666666666666,0.6666666666666666,0,0
RECALL,0.8333333333333334,0.8333333333333334,0,0
F1_MACRO,0.850139156497538,0.850139156497538,0,0
F1,0.7407407407407408,0.7407407407407408,0,0
