metric,value,normalized,randomSeed,fold
PRECISION,0.575,0.575,0,0
RECALL,0.9583333333333334,0.9583333333333334,0,0
F1_MACRO,0.8325892857142858,0.8325892857142858,0,0
F1,0.71875,0.71875,0,0
