metric,value,normalized,randomSeed,fold
PRECISION,0.13333333333333333,0.13333333333333333,0,0
RECALL,0.21052631578947367,0.21052631578947367,0,0
F1_MACRO,0.5232280946566661,0.5232280946566661,0,0
F1,0.163265306122449,0.163265306122449,0,0
