metric,value,normalized,randomSeed,fold
PRECISION,0.6101694915254238,0.6101694915254238,0,0
RECALL,0.631578947368421,0.631578947368421,0,0
F1_MACRO,0.7781810848961485,0.7781810848961485,0,0
F1,0.6206896551724138,0.6206896551724138,0,0
