metric,value,normalized,randomSeed,fold
PRECISION,0.4,0.4,0,0
RECALL,0.4266666666666667,0.4266666666666667,0,0
F1_MACRO,0.6359089772443112,0.6359089772443112,0,0
F1,0.41290322580645167,0.41290322580645167,0,0
