metric,value,normalized,randomSeed,fold
PRECISION,0.22,0.22,0,0
RECALL,0.2972972972972973,0.2972972972972973,0,0
F1_MACRO,0.5226029157944989,0.5226029157944989,0,0
F1,0.2528735632183908,0.2528735632183908,0,0
