metric,value,normalized,randomSeed,fold
PRECISION,0.22,0.22,0,0
RECALL,0.2894736842105263,0.2894736842105263,0,0
F1_MACRO,0.5192307692307692,0.5192307692307692,0,0
F1,0.25,0.25,0,0
