metric,value,normalized,randomSeed,fold
PRECISION,0.2,0.2,0,0
RECALL,0.2857142857142857,0.2857142857142857,0,0
F1_MACRO,0.5393338058114812,0.5393338058114812,0,0
F1,0.23529411764705882,0.23529411764705882,0,0
