metric,value,normalized,randomSeed,fold
PRECISION,0.0019971804511278194,0.0019971804511278194,0,0
RECALL,0.007798165137614679,0.007798165137614679,0,0
F1_MACRO,0.4854302261092516,0.4854302261092516,0,0
F1,0.0031799476243920682,0.0031799476243920682,0,0
