metric,value,normalized,randomSeed,fold
PRECISION,0.003916193459956922,0.003916193459956922,0,0
RECALL,0.045871559633027525,0.045871559633027525,0,0
F1_MACRO,0.45961892351712236,0.45961892351712236,0,0
F1,0.007216308858019124,0.007216308858019124,0,0
