metric,value,normalized,randomSeed,fold
PRECISION,0.0029665746343182755,0.0029665746343182755,0,0
RECALL,0.0463302752293578,0.0463302752293578,0,0
F1_MACRO,0.44358401381002427,0.44358401381002427,0,0
F1,0.005576105559542869,0.005576105559542869,0,0
