metric,value,normalized,randomSeed,fold
PRECISION,0.008518387968511338,0.008518387968511338,0,0
RECALL,0.06651376146788991,0.06651376146788991,0,0
F1_MACRO,0.4781171935213461,0.4781171935213461,0,0
F1,0.015102593479845848,0.015102593479845848,0,0
