metric,value,normalized,randomSeed,fold
PRECISION,0.012425096933380331,0.012425096933380331,0,0
RECALL,0.19403669724770642,0.19403669724770642,0,0
F1_MACRO,0.45353536004027395,0.45353536004027395,0,0
F1,0.023354681978798586,0.023354681978798586,0,0
