metric,value,normalized,randomSeed,fold
PRECISION,0.003172365174480085,0.003172365174480085,0,0
RECALL,0.012385321100917432,0.012385321100917432,0,0
F1_MACRO,0.48639763030587113,0.48639763030587113,0,0
F1,0.00505097745767468,0.00505097745767468,0,0
