metric,value,normalized,randomSeed,fold
PRECISION,0.011318685622527708,0.011318685622527708,0,0
RECALL,0.13256880733944953,0.13256880733944953,0,0
F1_MACRO,0.46704688516588494,0.46704688516588494,0,0
F1,0.020856637679067584,0.020856637679067584,0,0
