metric,value,normalized,randomSeed,fold
PRECISION,0.015838326871107977,0.015838326871107977,0,0
RECALL,0.3091743119266055,0.3091743119266055,0,0
F1_MACRO,0.441709994878058,0.441709994878058,0,0
F1,0.030133005476696097,0.030133005476696097,0,0
