metric,value,normalized,randomSeed,fold
PRECISION,0.010926393702637607,0.010926393702637607,0,0
RECALL,0.0853211009174312,0.0853211009174312,0,0
F1_MACRO,0.48037785823200785,0.48037785823200785,0,0
F1,0.019371973129198562,0.019371973129198562,0,0
