metric,value,normalized,randomSeed,fold
PRECISION,0.007460494624919227,0.007460494624919227,0,0
RECALL,0.05825688073394496,0.05825688073394496,0,0
F1_MACRO,0.4771217691911378,0.4771217691911378,0,0
F1,0.013227099932302245,0.013227099932302245,0,0
