metric,value,normalized,randomSeed,fold
PRECISION,0.00569850781341793,0.00569850781341793,0,0
RECALL,0.0444954128440367,0.0444954128440367,0,0
F1_MACRO,0.47546804221942396,0.47546804221942396,0,0
F1,0.01010311425893136,0.01010311425893136,0,0
