metric,value,normalized,randomSeed,fold
PRECISION,0.005284791544333529,0.005284791544333529,0,0
RECALL,0.004128440366972477,0.004128440366972477,0,0
F1_MACRO,0.49657620142066344,0.49657620142066344,0,0
F1,0.004635591037857326,0.004635591037857326,0,0
