metric,value,normalized,randomSeed,fold
PRECISION,0.0025142158936040226,0.0025142158936040226,0,0
RECALL,0.04908256880733945,0.04908256880733945,0,0
F1_MACRO,0.4271120501538946,0.4271120501538946,0,0
F1,0.004783405605972551,0.004783405605972551,0,0
