metric,value,normalized,randomSeed,fold
PRECISION,0.01198355198746818,0.01198355198746818,0,0
RECALL,0.14036697247706423,0.14036697247706423,0,0
F1_MACRO,0.4677104010207002,0.4677104010207002,0,0
F1,0.022081905105538518,0.022081905105538518,0,0
