metric,value,normalized,randomSeed,fold
PRECISION,0.002350452462098954,0.002350452462098954,0,0
RECALL,0.009174311926605505,0.009174311926605505,0,0
F1_MACRO,0.4857251274764156,0.4857251274764156,0,0
F1,0.003742164842361306,0.003742164842361306,0,0
