metric,value,normalized,randomSeed,fold
PRECISION,0.010338345864661654,0.010338345864661654,0,0
RECALL,0.04036697247706422,0.04036697247706422,0,0
F1_MACRO,0.49228600654577687,0.49228600654577687,0,0
F1,0.01646090534979424,0.01646090534979424,0,0
