metric,value,normalized,randomSeed,fold
PRECISION,0.004323714634834101,0.004323714634834101,0,0
RECALL,0.08440366972477065,0.08440366972477065,0,0
F1_MACRO,0.4290976327340555,0.4290976327340555,0,0
F1,0.008226037195994277,0.008226037195994277,0,0
