metric,value,normalized,randomSeed,fold
PRECISION,0.0010365149406225012,0.0010365149406225012,0,0
RECALL,0.016055045871559634,0.016055045871559634,0,0
F1_MACRO,0.44206522750347277,0.44206522750347277,0,0
F1,0.0019473113194425126,0.0019473113194425126,0,0
