metric,value,normalized,randomSeed,fold
PRECISION,0.002937202608235916,0.002937202608235916,0,0
RECALL,0.045871559633027525,0.045871559633027525,0,0
F1_MACRO,0.4435531224050615,0.4435531224050615,0,0
F1,0.005520896593606802,0.005520896593606802,0,0
