metric,value,normalized,randomSeed,fold
PRECISION,0.005581340696786323,0.005581340696786323,0,0
RECALL,0.04357798165137615,0.04357798165137615,0,0
F1_MACRO,0.475359567050838,0.475359567050838,0,0
F1,0.00989531795218999,0.00989531795218999,0,0
