metric,value,normalized,randomSeed,fold
PRECISION,0.0038787023977433005,0.0038787023977433005,0,0
RECALL,0.04541284403669725,0.04541284403669725,0,0
F1_MACRO,0.4596001955454938,0.4596001955454938,0,0
F1,0.007146982385215131,0.007146982385215131,0,0
