metric,value,normalized,randomSeed,fold
PRECISION,0.012289111330419662,0.012289111330419662,0,0
RECALL,0.23990825688073394,0.23990825688073394,0,0
F1_MACRO,0.43781735008813133,0.43781735008813133,0,0
F1,0.023380571326389196,0.023380571326389196,0,0
