metric,value,normalized,randomSeed,fold
PRECISION,0.00798903465831212,0.00798903465831212,0,0
RECALL,0.09357798165137615,0.09357798165137615,0,0
F1_MACRO,0.4637039412859189,0.4637039412859189,0,0
F1,0.014721270070359014,0.014721270070359014,0,0
