metric,value,normalized,randomSeed,fold
PRECISION,0.00411688731030029,0.00411688731030029,0,0
RECALL,0.046788990825688076,0.046788990825688076,0,0
F1_MACRO,0.46111809410999877,0.46111809410999877,0,0
F1,0.007567888410743432,0.007567888410743432,0,0
