metric,value,normalized,randomSeed,fold
PRECISION,0.011302222848818084,0.011302222848818084,0,0
RECALL,0.22064220183486238,0.22064220183486238,0,0
F1_MACRO,0.4367365265370786,0.4367365265370786,0,0
F1,0.02150297286423175,0.02150297286423175,0,0
