metric,value,normalized,randomSeed,fold
PRECISION,0.0030253186864829936,0.0030253186864829936,0,0
RECALL,0.04724770642201835,0.04724770642201835,0,0
F1_MACRO,0.4436457966199498,0.4436457966199498,0,0
F1,0.005686523491415006,0.005686523491415006,0,0
