metric,value,normalized,randomSeed,fold
PRECISION,0.005521616541353383,0.005521616541353383,0,0
RECALL,0.021559633027522937,0.021559633027522937,0,0
F1_MACRO,0.4883270347444031,0.4883270347444031,0,0
F1,0.008791619902731014,0.008791619902731014,0,0
