metric,value,normalized,randomSeed,fold
PRECISION,0.010808270676691729,0.010808270676691729,0,0
RECALL,0.04220183486238532,0.04220183486238532,0,0
F1_MACRO,0.49267224769713036,0.49267224769713036,0,0
F1,0.017209128320239433,0.017209128320239433,0,0
