metric,value,normalized,randomSeed,fold
PRECISION,0.0025840411532479964,0.0025840411532479964,0,0
RECALL,0.04954128440366973,0.04954128440366973,0,0
F1_MACRO,0.42866012520735686,0.42866012520735686,0,0
F1,0.004911881750994884,0.004911881750994884,0,0
