metric,value,normalized,randomSeed,fold
PRECISION,0.009395184967704051,0.009395184967704051,0,0
RECALL,0.007339449541284404,0.007339449541284404,0,0
F1_MACRO,0.49839972876351224,0.49839972876351224,0,0
F1,0.008241050733968582,0.008241050733968582,0,0
