metric,value,normalized,randomSeed,fold
PRECISION,0.011836926511190742,0.011836926511190742,0,0
RECALL,0.1848623853211009,0.1848623853211009,0,0
F1_MACRO,0.45291321810879026,0.45291321810879026,0,0
F1,0.02224921327223541,0.02224921327223541,0,0
