metric,value,normalized,randomSeed,fold
PRECISION,0.011743981209630064,0.011743981209630064,0,0
RECALL,0.009174311926605505,0.009174311926605505,0,0
F1_MACRO,0.4994417443879974,0.4994417443879974,0,0
F1,0.010301313417460727,0.010301313417460727,0,0
