metric,value,normalized,randomSeed,fold
PRECISION,0.010779533572225813,0.010779533572225813,0,0
RECALL,0.168348623853211,0.168348623853211,0,0
F1_MACRO,0.4518011275301294,0.4518011275301294,0,0
F1,0.020261690498536964,0.020261690498536964,0,0
