metric,value,normalized,randomSeed,fold
PRECISION,0.016134717055022518,0.016134717055022518,0,0
RECALL,0.1889908256880734,0.1889908256880734,0,0
F1_MACRO,0.4718739768235122,0.4718739768235122,0,0
F1,0.029731192495038788,0.029731192495038788,0,0
