metric,value,normalized,randomSeed,fold
PRECISION,0.02208776361393409,0.02208776361393409,0,0
RECALL,0.344954128440367,0.344954128440367,0,0
F1_MACRO,0.4636943184408079,0.4636943184408079,0,0
F1,0.04151714238392315,0.04151714238392315,0,0
