metric,value,normalized,randomSeed,fold
PRECISION,0.02227548287043564,0.02227548287043564,0,0
RECALL,0.43486238532110094,0.43486238532110094,0,0
F1_MACRO,0.44875425506902245,0.44875425506902245,0,0
F1,0.04238007957441102,0.04238007957441102,0,0
