metric,value,normalized,randomSeed,fold
PRECISION,0.0875,0.0875,0,0
RECALL,0.10294117647058823,0.10294117647058823,0,0
F1_MACRO,0.4445365611009783,0.4445365611009783,0,0
F1,0.09459459459459459,0.09459459459459459,0,0
