metric,value,normalized,randomSeed,fold
PRECISION,0.03333333333333333,0.03333333333333333,0,0
RECALL,0.034482758620689655,0.034482758620689655,0,0
F1_MACRO,0.4333714399324022,0.4333714399324022,0,0
F1,0.03389830508474576,0.03389830508474576,0,0
