metric,value,normalized,randomSeed,fold
PRECISION,0.5384615384615384,0.5384615384615384,0,0
RECALL,0.56,0.56,0,0
F1_MACRO,0.7211867745552627,0.7211867745552627,0,0
F1,0.5490196078431373,0.5490196078431373,0,0
