metric,value,normalized,randomSeed,fold
PRECISION,0.047619047619047616,0.047619047619047616,0,0
RECALL,0.05263157894736842,0.05263157894736842,0,0
F1_MACRO,0.47222222222222227,0.47222222222222227,0,0
F1,0.05,0.05,0,0
