metric,value,normalized,randomSeed,fold
PRECISION,0.08,0.08,0,0
RECALL,0.10526315789473684,0.10526315789473684,0,0
F1_MACRO,0.48927477017364657,0.48927477017364657,0,0
F1,0.0909090909090909,0.0909090909090909,0,0
