metric,value,normalized,randomSeed,fold
PRECISION,0.3448275862068966,0.3448275862068966,0,0
RECALL,0.5,0.5,0,0
F1_MACRO,0.66277109134252,0.66277109134252,0,0
F1,0.40816326530612246,0.40816326530612246,0,0
