metric,value,normalized,randomSeed,fold
PRECISION,0.23333333333333334,0.23333333333333334,0,0
RECALL,0.3888888888888889,0.3888888888888889,0,0
F1_MACRO,0.5975378787878788,0.5975378787878788,0,0
F1,0.2916666666666667,0.2916666666666667,0,0
