metric,value,normalized,randomSeed,fold
PRECISION,0.16666666666666666,0.16666666666666666,0,0
RECALL,0.17857142857142858,0.17857142857142858,0,0
F1_MACRO,0.5160314579552329,0.5160314579552329,0,0
F1,0.17241379310344826,0.17241379310344826,0,0
