metric,value,normalized,randomSeed,fold
PRECISION,0.46,0.46,0,0
RECALL,0.5476190476190477,0.5476190476190477,0,0
F1_MACRO,0.6753246753246753,0.6753246753246753,0,0
F1,0.5000000000000001,0.5000000000000001,0,0
