metric,value,normalized,randomSeed,fold
PRECISION,0.225,0.225,0,0
RECALL,0.24,0.24,0,0
F1_MACRO,0.5238809702425606,0.5238809702425606,0,0
F1,0.23225806451612904,0.23225806451612904,0,0
