metric,value,normalized,randomSeed,fold
PRECISION,0.1,0.1,0,0
RECALL,0.14705882352941177,0.14705882352941177,0,0
F1_MACRO,0.4424352019288728,0.4424352019288728,0,0
F1,0.11904761904761905,0.11904761904761905,0,0
