metric,value,normalized,randomSeed,fold
PRECISION,0.275,0.275,0,0
RECALL,0.2894736842105263,0.2894736842105263,0,0
F1_MACRO,0.5540691192865106,0.5540691192865106,0,0
F1,0.28205128205128205,0.28205128205128205,0,0
