metric,value,normalized,randomSeed,fold
PRECISION,0.21052631578947367,0.21052631578947367,0,0
RECALL,0.23529411764705882,0.23529411764705882,0,0
F1_MACRO,0.5257452574525745,0.5257452574525745,0,0
F1,0.2222222222222222,0.2222222222222222,0,0
