metric,value,normalized,randomSeed,fold
PRECISION,0.175,0.175,0,0
RECALL,0.1891891891891892,0.1891891891891892,0,0
F1_MACRO,0.5473406261788004,0.5473406261788004,0,0
F1,0.18181818181818182,0.18181818181818182,0,0
