metric,value,normalized,randomSeed,fold
PRECISION,0.46,0.46,0,0
RECALL,0.6764705882352942,0.6764705882352942,0,0
F1_MACRO,0.7136829415310428,0.7136829415310428,0,0
F1,0.5476190476190477,0.5476190476190477,0,0
