metric,value,normalized,randomSeed,fold
PRECISION,0.025,0.025,0,0
RECALL,0.02702702702702703,0.02702702702702703,0,0
F1_MACRO,0.46111979307000056,0.46111979307000056,0,0
F1,0.025974025974025976,0.025974025974025976,0,0
