metric,value,normalized,randomSeed,fold
PRECISION,0.23333333333333334,0.23333333333333334,0,0
RECALL,0.23333333333333334,0.23333333333333334,0,0
F1_MACRO,0.5490196078431373,0.5490196078431373,0,0
F1,0.23333333333333334,0.23333333333333334,0,0
