metric,value,normalized,randomSeed,fold
PRECISION,0.29577464788732394,0.29577464788732394,0,0
RECALL,0.28,0.28,0,0
F1_MACRO,0.5643249130744418,0.5643249130744418,0,0
F1,0.2876712328767123,0.2876712328767123,0,0
