metric,value,normalized,randomSeed,fold
PRECISION,0.475,0.475,0,0
RECALL,0.48717948717948717,0.48717948717948717,0,0
F1_MACRO,0.7120735967976966,0.7120735967976966,0,0
F1,0.4810126582278481,0.4810126582278481,0,0
