metric,value,normalized,randomSeed,fold
PRECISION,0.5,0.5,0,0
RECALL,0.5263157894736842,0.5263157894736842,0,0
F1_MACRO,0.7300944669365722,0.7300944669365722,0,0
F1,0.5128205128205129,0.5128205128205129,0,0
