metric,value,normalized,randomSeed,fold
PRECISION,0.3,0.3,0,0
RECALL,0.32,0.32,0,0
F1_MACRO,0.5718929732433108,0.5718929732433108,0,0
F1,0.3096774193548387,0.3096774193548387,0,0
