metric,value,normalized,randomSeed,fold
PRECISION,0.43333333333333335,0.43333333333333335,0,0
RECALL,0.4642857142857143,0.4642857142857143,0,0
F1_MACRO,0.6773543053034886,0.6773543053034886,0,0
F1,0.4482758620689655,0.4482758620689655,0,0
