metric,value,normalized,randomSeed,fold
PRECISION,0.047619047619047616,0.047619047619047616,0,0
RECALL,0.1,0.1,0,0
F1_MACRO,0.49296267156219953,0.49296267156219953,0,0
F1,0.06451612903225806,0.06451612903225806,0,0
