metric,value,normalized,randomSeed,fold
PRECISION,0.625,0.625,0,0
RECALL,0.6756756756756757,0.6756756756756757,0,0
F1_MACRO,0.7828796590406497,0.7828796590406497,0,0
F1,0.6493506493506493,0.6493506493506493,0,0
