metric,value,normalized,randomSeed,fold
PRECISION,0.58,0.58,0,0
RECALL,0.7837837837837838,0.7837837837837838,0,0
F1_MACRO,0.7870074547390842,0.7870074547390842,0,0
F1,0.6666666666666666,0.6666666666666666,0,0
