metric,value,normalized,randomSeed,fold
PRECISION,0.3,0.3,0,0
RECALL,0.32432432432432434,0.32432432432432434,0,0
F1_MACRO,0.6191913204361337,0.6191913204361337,0,0
F1,0.3116883116883117,0.3116883116883117,0,0
