metric,value,normalized,randomSeed,fold
PRECISION,0.2,0.2,0,0
RECALL,0.21333333333333335,0.21333333333333335,0,0
F1_MACRO,0.5078769692423105,0.5078769692423105,0,0
F1,0.20645161290322583,0.20645161290322583,0,0
