metric,value,normalized,randomSeed,fold
PRECISION,0.5,0.5,0,0
RECALL,0.5357142857142857,0.5357142857142857,0,0
F1_MACRO,0.7176850171405524,0.7176850171405524,0,0
F1,0.5172413793103449,0.5172413793103449,0,0
