metric,value,normalized,randomSeed,fold
PRECISION,0.625,0.625,0,0
RECALL,0.8928571428571429,0.8928571428571429,0,0
F1_MACRO,0.8405386250885896,0.8405386250885896,0,0
F1,0.7352941176470589,0.7352941176470589,0,0
