metric,value,normalized,randomSeed,fold
PRECISION,0.475,0.475,0,0
RECALL,0.5066666666666667,0.5066666666666667,0,0
F1_MACRO,0.6839209802450612,0.6839209802450612,0,0
F1,0.49032258064516127,0.49032258064516127,0,0
