metric,value,normalized,randomSeed,fold
PRECISION,0.5128205128205128,0.5128205128205128,0,0
RECALL,0.5,0.5,0,0
F1_MACRO,0.726118787197809,0.726118787197809,0,0
F1,0.5063291139240506,0.5063291139240506,0,0
