metric,value,normalized,randomSeed,fold
PRECISION,0.19,0.19,0,0
RECALL,0.2261904761904762,0.2261904761904762,0,0
F1_MACRO,0.4847543760587239,0.4847543760587239,0,0
F1,0.20652173913043478,0.20652173913043478,0,0
