metric,value,normalized,randomSeed,fold
PRECISION,0.3125,0.3125,0,0
RECALL,0.36764705882352944,0.36764705882352944,0,0
F1_MACRO,0.5937655446857901,0.5937655446857901,0,0
F1,0.33783783783783783,0.33783783783783783,0,0
