metric,value,normalized,randomSeed,fold
PRECISION,0.16666666666666666,0.16666666666666666,0,0
RECALL,0.14285714285714285,0.14285714285714285,0,0
F1_MACRO,0.5137046861184792,0.5137046861184792,0,0
F1,0.15384615384615383,0.15384615384615383,0,0
