metric,value,normalized,randomSeed,fold
PRECISION,0.65,0.65,0,0
RECALL,0.7222222222222222,0.7222222222222222,0,0
F1_MACRO,0.8255306775225356,0.8255306775225356,0,0
F1,0.6842105263157895,0.6842105263157895,0,0
