metric,value,normalized,randomSeed,fold
PRECISION,0.62,0.62,0,0
RECALL,0.8378378378378378,0.8378378378378378,0,0
F1_MACRO,0.816385736844038,0.816385736844038,0,0
F1,0.7126436781609196,0.7126436781609196,0,0
