metric,value,normalized,randomSeed,fold
PRECISION,0.025,0.025,0,0
RECALL,0.02631578947368421,0.02631578947368421,0,0
F1_MACRO,0.46018893387314447,0.46018893387314447,0,0
F1,0.02564102564102564,0.02564102564102564,0,0
