metric,value,normalized,randomSeed,fold
PRECISION,0.08333333333333333,0.08333333333333333,0,0
RECALL,0.1111111111111111,0.1111111111111111,0,0
F1_MACRO,0.4945464219207235,0.4945464219207235,0,0
F1,0.09523809523809525,0.09523809523809525,0,0
