metric,value,normalized,randomSeed,fold
PRECISION,0.0625,0.0625,0,0
RECALL,0.05555555555555555,0.05555555555555555,0,0
F1_MACRO,0.48569591771134685,0.48569591771134685,0,0
F1,0.058823529411764705,0.058823529411764705,0,0
