metric,value,normalized,randomSeed,fold
PRECISION,0.5256410256410257,0.5256410256410257,0,0
RECALL,0.6029411764705882,0.6029411764705882,0,0
F1_MACRO,0.7318922541996564,0.7318922541996564,0,0
F1,0.5616438356164384,0.5616438356164384,0,0
