metric,value,normalized,randomSeed,fold
PRECISION,0.5789473684210527,0.5789473684210527,0,0
RECALL,0.55,0.55,0,0
F1_MACRO,0.7585055756800909,0.7585055756800909,0,0
F1,0.5641025641025641,0.5641025641025641,0,0
