metric,value,normalized,randomSeed,fold
PRECISION,0.41379310344827586,0.41379310344827586,0,0
RECALL,0.6,0.6,0,0
F1_MACRO,0.7092854235711379,0.7092854235711379,0,0
F1,0.4897959183673469,0.4897959183673469,0,0
