metric,value,normalized,randomSeed,fold
PRECISION,0.48,0.48,0,0
RECALL,0.7058823529411765,0.7058823529411765,0,0
F1_MACRO,0.7287522603978299,0.7287522603978299,0,0
F1,0.5714285714285713,0.5714285714285713,0,0
