metric,value,normalized,randomSeed,fold
PRECISION,0.275,0.275,0,0
RECALL,0.3235294117647059,0.3235294117647059,0,0
F1_MACRO,0.5688940474216548,0.5688940474216548,0,0
F1,0.2972972972972973,0.2972972972972973,0,0
