metric,value,normalized,randomSeed,fold
PRECISION,0.22,0.22,0,0
RECALL,0.3235294117647059,0.3235294117647059,0,0
F1_MACRO,0.5328511151295962,0.5328511151295962,0,0
F1,0.2619047619047619,0.2619047619047619,0,0
