metric,value,normalized,randomSeed,fold
PRECISION,0.5625,0.5625,0,0
RECALL,0.45,0.45,0,0
F1_MACRO,0.7382198952879581,0.7382198952879581,0,0
F1,0.5,0.5,0,0
