metric,value,normalized,randomSeed,fold
PRECISION,0.06666666666666667,0.06666666666666667,0,0
RECALL,0.10526315789473684,0.10526315789473684,0,0
F1_MACRO,0.4767137624280482,0.4767137624280482,0,0
F1,0.0816326530612245,0.0816326530612245,0,0
