metric,value,normalized,randomSeed,fold
PRECISION,0.2,0.2,0,0
RECALL,0.3333333333333333,0.3333333333333333,0,0
F1_MACRO,0.5738636363636364,0.5738636363636364,0,0
F1,0.25,0.25,0,0
