metric,value,normalized,randomSeed,fold
PRECISION,0.25,0.25,0,0
RECALL,0.25,0.25,0,0
F1_MACRO,0.5588235294117647,0.5588235294117647,0,0
F1,0.25,0.25,0,0
