metric,value,normalized,randomSeed,fold
PRECISION,0.5517241379310345,0.5517241379310345,0,0
RECALL,0.8,0.8,0,0
F1_MACRO,0.8023140880283737,0.8023140880283737,0,0
F1,0.6530612244897959,0.6530612244897959,0,0
