metric,value,normalized,randomSeed,fold
PRECISION,0.6666666666666666,0.6666666666666666,0,0
RECALL,0.4,0.4,0,0
F1_MACRO,0.7395833333333333,0.7395833333333333,0,0
F1,0.5,0.5,0,0
