metric,value,normalized,randomSeed,fold
PRECISION,0.4666666666666667,0.4666666666666667,0,0
RECALL,0.7,0.7,0,0
F1_MACRO,0.7485714285714287,0.7485714285714287,0,0
F1,0.56,0.56,0,0
