metric,value,normalized,randomSeed,fold
PRECISION,0.65,0.65,0,0
RECALL,0.65,0.65,0,0
F1_MACRO,0.8055555555555556,0.8055555555555556,0,0
F1,0.65,0.65,0,0
