metric,value,normalized,randomSeed,fold
PRECISION,0.23333333333333334,0.23333333333333334,0,0
RECALL,0.25,0.25,0,0
F1_MACRO,0.5563621697922968,0.5563621697922968,0,0
F1,0.2413793103448276,0.2413793103448276,0,0
