metric,value,normalized,randomSeed,fold
PRECISION,0.11538461538461539,0.11538461538461539,0,0
RECALL,0.10714285714285714,0.10714285714285714,0,0
F1_MACRO,0.4861913937058446,0.4861913937058446,0,0
F1,0.11111111111111112,0.11111111111111112,0,0
