metric,value,normalized,randomSeed,fold
PRECISION,0.425,0.425,0,0
RECALL,0.7083333333333334,0.7083333333333334,0,0
F1_MACRO,0.7209821428571428,0.7209821428571428,0,0
F1,0.53125,0.53125,0,0
