metric,value,normalized,randomSeed,fold
PRECISION,0.8947368421052632,0.8947368421052632,0,0
RECALL,0.9444444444444444,0.9444444444444444,0,0
F1_MACRO,0.9553272280545009,0.9553272280545009,0,0
F1,0.918918918918919,0.918918918918919,0,0
