metric,value,normalized,randomSeed,fold
PRECISION,0.6206896551724138,0.6206896551724138,0,0
RECALL,1.0,1.0,0,0
F1_MACRO,0.8673979868603461,0.8673979868603461,0,0
F1,0.7659574468085107,0.7659574468085107,0,0
