metric,value,normalized,randomSeed,fold
PRECISION,0.6551724137931034,0.6551724137931034,0,0
RECALL,0.6785714285714286,0.6785714285714286,0,0
F1_MACRO,0.8056365403304179,0.8056365403304179,0,0
F1,0.6666666666666666,0.6666666666666666,0,0
