metric,value,normalized,randomSeed,fold
PRECISION,0.5,0.5,0,0
RECALL,0.6785714285714286,0.6785714285714286,0,0
F1_MACRO,0.7459626202141172,0.7459626202141172,0,0
F1,0.5757575757575758,0.5757575757575758,0,0
