metric,value,normalized,randomSeed,fold
PRECISION,0.02,0.02,0,0
RECALL,0.029411764705882353,0.029411764705882353,0,0
F1_MACRO,0.3821579264617239,0.3821579264617239,0,0
F1,0.023809523809523815,0.023809523809523815,0,0
