metric,value,normalized,randomSeed,fold
PRECISION,0.475,0.475,0,0
RECALL,0.5135135135135135,0.5135135135135135,0,0
F1_MACRO,0.6863817297253829,0.6863817297253829,0,0
F1,0.4935064935064935,0.4935064935064935,0,0
