metric,value,normalized,randomSeed,fold
PRECISION,0.4,0.4,0,0
RECALL,0.5405405405405406,0.5405405405405406,0,0
F1_MACRO,0.6548051852667915,0.6548051852667915,0,0
F1,0.45977011494252873,0.45977011494252873,0,0
