metric,value,normalized,randomSeed,fold
PRECISION,0.2,0.2,0,0
RECALL,0.2631578947368421,0.2631578947368421,0,0
F1_MACRO,0.5046620046620046,0.5046620046620046,0,0
F1,0.22727272727272727,0.22727272727272727,0,0
