metric,value,normalized,randomSeed,fold
PRECISION,0.5384615384615384,0.5384615384615384,0,0
RECALL,0.6176470588235294,0.6176470588235294,0,0
F1_MACRO,0.7402706212559172,0.7402706212559172,0,0
F1,0.5753424657534247,0.5753424657534247,0,0
