metric,value,normalized,randomSeed,fold
PRECISION,0.46938775510204084,0.46938775510204084,0,0
RECALL,0.6764705882352942,0.6764705882352942,0,0
F1_MACRO,0.7187488122838357,0.7187488122838357,0,0
F1,0.5542168674698795,0.5542168674698795,0,0
