metric,value,normalized,randomSeed,fold
PRECISION,0.4875,0.4875,0,0
RECALL,0.5735294117647058,0.5735294117647058,0,0
F1_MACRO,0.7098325319184215,0.7098325319184215,0,0
F1,0.527027027027027,0.527027027027027,0,0
