metric,value,normalized,randomSeed,fold
PRECISION,0.35,0.35,0,0
RECALL,0.3783783783783784,0.3783783783783784,0,0
F1_MACRO,0.647931598139067,0.647931598139067,0,0
F1,0.36363636363636365,0.36363636363636365,0,0
