metric,value,normalized,randomSeed,fold
PRECISION,0.1836734693877551,0.1836734693877551,0,0
RECALL,0.23684210526315788,0.23684210526315788,0,0
F1_MACRO,0.49322463368954506,0.49322463368954506,0,0
F1,0.20689655172413793,0.20689655172413793,0,0
