metric,value,normalized,randomSeed,fold
PRECISION,0.3333333333333333,0.3333333333333333,0,0
RECALL,0.5,0.5,0,0
F1_MACRO,0.6571428571428571,0.6571428571428571,0,0
F1,0.4,0.4,0,0
