metric,value,normalized,randomSeed,fold
PRECISION,0.125,0.125,0,0
RECALL,0.13513513513513514,0.13513513513513514,0,0
F1_MACRO,0.5186003484758671,0.5186003484758671,0,0
F1,0.12987012987012989,0.12987012987012989,0,0
