metric,value,normalized,randomSeed,fold
PRECISION,0.46875,0.46875,0,0
RECALL,0.8333333333333334,0.8333333333333334,0,0
F1_MACRO,0.7714285714285714,0.7714285714285714,0,0
F1,0.6,0.6,0,0
