metric,value,normalized,randomSeed,fold
PRECISION,0.30434782608695654,0.30434782608695654,0,0
RECALL,0.3888888888888889,0.3888888888888889,0,0
F1_MACRO,0.6331272504925607,0.6331272504925607,0,0
F1,0.34146341463414637,0.34146341463414637,0,0
