metric,value,normalized,randomSeed,fold
PRECISION,0.275,0.275,0,0
RECALL,0.275,0.275,0,0
F1_MACRO,0.5972222222222222,0.5972222222222222,0,0
F1,0.275,0.275,0,0
