metric,value,normalized,randomSeed,fold
PRECISION,0.25,0.25,0,0
RECALL,0.35714285714285715,0.35714285714285715,0,0
F1_MACRO,0.5747696669029057,0.5747696669029057,0,0
F1,0.2941176470588235,0.2941176470588235,0,0
