metric,value,normalized,randomSeed,fold
PRECISION,0.06896551724137931,0.06896551724137931,0,0
RECALL,0.10526315789473684,0.10526315789473684,0,0
F1_MACRO,0.4791666666666667,0.4791666666666667,0,0
F1,0.08333333333333333,0.08333333333333333,0,0
