metric,value,normalized,randomSeed,fold
PRECISION,0.075,0.075,0,0
RECALL,0.125,0.125,0,0
F1_MACRO,0.46056547619047616,0.46056547619047616,0,0
F1,0.09374999999999999,0.09374999999999999,0,0
