metric,value,normalized,randomSeed,fold
PRECISION,0.23333333333333334,0.23333333333333334,0,0
RECALL,0.35,0.35,0,0
F1_MACRO,0.5885714285714286,0.5885714285714286,0,0
F1,0.28,0.28,0,0
