metric,value,normalized,randomSeed,fold
PRECISION,0.55,0.55,0,0
RECALL,0.5945945945945946,0.5945945945945946,0,0
F1_MACRO,0.7346306943830163,0.7346306943830163,0,0
F1,0.5714285714285715,0.5714285714285715,0,0
