metric,value,normalized,randomSeed,fold
PRECISION,0.6,0.6,0,0
RECALL,0.8108108108108109,0.8108108108108109,0,0
F1_MACRO,0.8016965957915612,0.8016965957915612,0,0
F1,0.6896551724137931,0.6896551724137931,0,0
