metric,value,normalized,randomSeed,fold
PRECISION,0.05,0.05,0,0
RECALL,0.05263157894736842,0.05263157894736842,0,0
F1_MACRO,0.47439448824490377,0.47439448824490377,0,0
F1,0.05128205128205128,0.05128205128205128,0,0
