metric,value,normalized,randomSeed,fold
PRECISION,0.3076923076923077,0.3076923076923077,0,0
RECALL,0.3,0.3,0,0
F1_MACRO,0.61375726399691,0.61375726399691,0,0
F1,0.3037974683544304,0.3037974683544304,0,0
