metric,value,normalized,randomSeed,fold
PRECISION,0.21666666666666667,0.21666666666666667,0,0
RECALL,0.21666666666666667,0.21666666666666667,0,0
F1_MACRO,0.5392156862745099,0.5392156862745099,0,0
F1,0.21666666666666667,0.21666666666666667,0,0
