metric,value,normalized,randomSeed,fold
PRECISION,0.275,0.275,0,0
RECALL,0.39285714285714285,0.39285714285714285,0,0
F1_MACRO,0.592487597448618,0.592487597448618,0,0
F1,0.32352941176470584,0.32352941176470584,0,0
