metric,value,normalized,randomSeed,fold
PRECISION,0.20408163265306123,0.20408163265306123,0,0
RECALL,0.2702702702702703,0.2702702702702703,0,0
F1_MACRO,0.511183528366168,0.511183528366168,0,0
F1,0.23255813953488372,0.23255813953488372,0,0
