metric,value,normalized,randomSeed,fold
PRECISION,0.18421052631578946,0.18421052631578946,0,0
RECALL,0.1891891891891892,0.1891891891891892,0,0
F1_MACRO,0.4994871794871795,0.4994871794871795,0,0
F1,0.18666666666666668,0.18666666666666668,0,0
