metric,value,normalized,randomSeed,fold
PRECISION,0.12903225806451613,0.12903225806451613,0,0
RECALL,0.10256410256410256,0.10256410256410256,0,0
F1_MACRO,0.5146771037181996,0.5146771037181996,0,0
F1,0.1142857142857143,0.1142857142857143,0,0
