metric,value,normalized,randomSeed,fold
PRECISION,0.3875,0.3875,0,0
RECALL,0.41333333333333333,0.41333333333333333,0,0
F1_MACRO,0.627906976744186,0.627906976744186,0,0
F1,0.4000000000000001,0.4000000000000001,0,0
