metric,value,normalized,randomSeed,fold
PRECISION,0.26666666666666666,0.26666666666666666,0,0
RECALL,0.3333333333333333,0.3333333333333333,0,0
F1_MACRO,0.5932348533504603,0.5932348533504603,0,0
F1,0.2962962962962963,0.2962962962962963,0,0
