metric,value,normalized,randomSeed,fold
PRECISION,0.41025641025641024,0.41025641025641024,0,0
RECALL,0.43243243243243246,0.43243243243243246,0,0
F1_MACRO,0.680139575457982,0.680139575457982,0,0
F1,0.42105263157894735,0.42105263157894735,0,0
