metric,value,normalized,randomSeed,fold
PRECISION,0.43333333333333335,0.43333333333333335,0,0
RECALL,0.65,0.65,0,0
F1_MACRO,0.7257142857142856,0.7257142857142856,0,0
F1,0.5199999999999999,0.5199999999999999,0,0
