metric,value,normalized,randomSeed,fold
PRECISION,0.26,0.26,0,0
RECALL,0.30952380952380953,0.30952380952380953,0,0
F1_MACRO,0.5341614906832298,0.5341614906832298,0,0
F1,0.2826086956521739,0.2826086956521739,0,0
