metric,value,normalized,randomSeed,fold
PRECISION,0.5666666666666667,0.5666666666666667,0,0
RECALL,0.7083333333333334,0.7083333333333334,0,0
F1_MACRO,0.7859130807107686,0.7859130807107686,0,0
F1,0.6296296296296297,0.6296296296296297,0,0
