metric,value,normalized,randomSeed,fold
PRECISION,0.375,0.375,0,0
RECALL,0.5357142857142857,0.5357142857142857,0,0
F1_MACRO,0.663359319631467,0.663359319631467,0,0
F1,0.44117647058823534,0.44117647058823534,0,0
