metric,value,normalized,randomSeed,fold
PRECISION,0.11666666666666667,0.11666666666666667,0,0
RECALL,0.1206896551724138,0.1206896551724138,0,0
F1_MACRO,0.48307569958745467,0.48307569958745467,0,0
F1,0.11864406779661019,0.11864406779661019,0,0
