metric,value,normalized,randomSeed,fold
PRECISION,0.14925373134328357,0.14925373134328357,0,0
RECALL,0.29411764705882354,0.29411764705882354,0,0
F1_MACRO,0.4635583959733766,0.4635583959733766,0,0
F1,0.198019801980198,0.198019801980198,0,0
