metric,value,normalized,randomSeed,fold
PRECISION,0.1518987341772152,0.1518987341772152,0,0
RECALL,0.35294117647058826,0.35294117647058826,0,0
F1_MACRO,0.45114242545712435,0.45114242545712435,0,0
F1,0.21238938053097348,0.21238938053097348,0,0
