metric,value,normalized,randomSeed,fold
PRECISION,0.8666666666666667,0.8666666666666667,0,0
RECALL,0.9285714285714286,0.9285714285714286,0,0
F1_MACRO,0.9395039322444041,0.9395039322444041,0,0
F1,0.896551724137931,0.896551724137931,0,0
