metric,value,normalized,randomSeed,fold
PRECISION,0.05,0.05,0,0
RECALL,0.08333333333333333,0.08333333333333333,0,0
F1_MACRO,0.44196428571428575,0.44196428571428575,0,0
F1,0.0625,0.0625,0,0
