metric,value,normalized,randomSeed,fold
PRECISION,0.7,0.7,0,0
RECALL,0.75,0.75,0,0
F1_MACRO,0.8386771526517443,0.8386771526517443,0,0
F1,0.7241379310344827,0.7241379310344827,0,0
