metric,value,normalized,randomSeed,fold
PRECISION,0.575,0.575,0,0
RECALL,0.8214285714285714,0.8214285714285714,0,0
F1_MACRO,0.8051027639971651,0.8051027639971651,0,0
F1,0.676470588235294,0.676470588235294,0,0
