metric,value,normalized,randomSeed,fold
PRECISION,0.225,0.225,0,0
RECALL,0.23684210526315788,0.23684210526315788,0,0
F1_MACRO,0.5738333688472192,0.5738333688472192,0,0
F1,0.23076923076923078,0.23076923076923078,0,0
