metric,value,normalized,randomSeed,fold
PRECISION,0.375,0.375,0,0
RECALL,0.625,0.625,0,0
F1_MACRO,0.6837797619047619,0.6837797619047619,0,0
F1,0.46875,0.46875,0,0
