metric,value,normalized,randomSeed,fold
PRECISION,0.4,0.4,0,0
RECALL,0.5,0.5,0,0
F1_MACRO,0.6788696210661529,0.6788696210661529,0,0
F1,0.4444444444444445,0.4444444444444445,0,0
