metric,value,normalized,randomSeed,fold
PRECISION,0.175,0.175,0,0
RECALL,0.25,0.25,0,0
F1_MACRO,0.5216158752657689,0.5216158752657689,0,0
F1,0.20588235294117646,0.20588235294117646,0,0
