metric,value,normalized,randomSeed,fold
PRECISION,0.35,0.35,0,0
RECALL,0.3684210526315789,0.3684210526315789,0,0
F1_MACRO,0.6245823478619965,0.6245823478619965,0,0
F1,0.358974358974359,0.358974358974359,0,0
