metric,value,normalized,randomSeed,fold
PRECISION,0.027777777777777776,0.027777777777777776,0,0
RECALL,0.029411764705882353,0.029411764705882353,0,0
F1_MACRO,0.41125541125541126,0.41125541125541126,0,0
F1,0.02857142857142857,0.02857142857142857,0,0
