metric,value,normalized,randomSeed,fold
PRECISION,0.018518518518518517,0.018518518518518517,0,0
RECALL,0.029411764705882353,0.029411764705882353,0,0
F1_MACRO,0.3735431235431236,0.3735431235431236,0,0
F1,0.022727272727272724,0.022727272727272724,0,0
