metric,value,normalized,randomSeed,fold
PRECISION,0.25,0.25,0,0
RECALL,0.2631578947368421,0.2631578947368421,0,0
F1_MACRO,0.538143016403886,0.538143016403886,0,0
F1,0.25641025641025644,0.25641025641025644,0,0
