metric,value,normalized,randomSeed,fold
PRECISION,0.28,0.28,0,0
RECALL,0.3684210526315789,0.3684210526315789,0,0
F1_MACRO,0.5629370629370629,0.5629370629370629,0,0
F1,0.3181818181818182,0.3181818181818182,0,0
