metric,value,normalized,randomSeed,fold
PRECISION,0.03333333333333333,0.03333333333333333,0,0
RECALL,0.05,0.05,0,0
F1_MACRO,0.4514285714285714,0.4514285714285714,0,0
F1,0.04,0.04,0,0
