metric,value,normalized,randomSeed,fold
PRECISION,0.125,0.125,0,0
RECALL,0.1282051282051282,0.1282051282051282,0,0
F1_MACRO,0.5154409311961234,0.5154409311961234,0,0
F1,0.12658227848101264,0.12658227848101264,0,0
