metric,value,normalized,randomSeed,fold
PRECISION,0.2,0.2,0,0
RECALL,0.4,0.4,0,0
F1_MACRO,0.6036036036036037,0.6036036036036037,0,0
F1,0.26666666666666666,0.26666666666666666,0,0
