metric,value,normalized,randomSeed,fold
PRECISION,0.31666666666666665,0.31666666666666665,0,0
RECALL,0.31666666666666665,0.31666666666666665,0,0
F1_MACRO,0.5980392156862744,0.5980392156862744,0,0
F1,0.31666666666666665,0.31666666666666665,0,0
