metric,value,normalized,randomSeed,fold
PRECISION,0.13333333333333333,0.13333333333333333,0,0
RECALL,0.13333333333333333,0.13333333333333333,0,0
F1_MACRO,0.49019607843137253,0.49019607843137253,0,0
F1,0.13333333333333333,0.13333333333333333,0,0
