metric,value,normalized,randomSeed,fold
PRECISION,0.5666666666666667,0.5666666666666667,0,0
RECALL,0.9444444444444444,0.9444444444444444,0,0
F1_MACRO,0.834280303030303,0.834280303030303,0,0
F1,0.7083333333333334,0.7083333333333334,0,0
