metric,value,normalized,randomSeed,fold
PRECISION,0.2,0.2,0,0
RECALL,0.2,0.2,0,0
F1_MACRO,0.5555555555555556,0.5555555555555556,0,0
F1,0.20000000000000004,0.20000000000000004,0,0
