metric,value,normalized,randomSeed,fold
PRECISION,0.23,0.23,0,0
RECALL,0.27380952380952384,0.27380952380952384,0,0
F1_MACRO,0.5129870129870131,0.5129870129870131,0,0
F1,0.25000000000000006,0.25000000000000006,0,0
