metric,value,normalized,randomSeed,fold
PRECISION,0.25,0.25,0,0
RECALL,0.9166666666666666,0.9166666666666666,0,0
F1_MACRO,0.5783730158730158,0.5783730158730158,0,0
F1,0.3928571428571429,0.3928571428571429,0,0
