metric,value,normalized,randomSeed,fold
PRECISION,0.24390243902439024,0.24390243902439024,0,0
RECALL,0.8333333333333334,0.8333333333333334,0,0
F1_MACRO,0.5764343473238352,0.5764343473238352,0,0
F1,0.37735849056603776,0.37735849056603776,0,0
