metric,value,normalized,randomSeed,fold
PRECISION,0.05,0.05,0,0
RECALL,0.05555555555555555,0.05555555555555555,0,0
F1_MACRO,0.4765920325676069,0.4765920325676069,0,0
F1,0.052631578947368425,0.052631578947368425,0,0
