metric,value,normalized,randomSeed,fold
PRECISION,0.38,0.38,0,0
RECALL,0.5588235294117647,0.5588235294117647,0,0
F1_MACRO,0.6534056660638939,0.6534056660638939,0,0
F1,0.4523809523809524,0.4523809523809524,0,0
