metric,value,normalized,randomSeed,fold
PRECISION,0.525,0.525,0,0
RECALL,0.75,0.75,0,0
F1_MACRO,0.7696669029057407,0.7696669029057407,0,0
F1,0.6176470588235295,0.6176470588235295,0,0
