metric,value,normalized,randomSeed,fold
PRECISION,0.6333333333333333,0.6333333333333333,0,0
RECALL,0.6785714285714286,0.6785714285714286,0,0
F1_MACRO,0.7983464408146803,0.7983464408146803,0,0
F1,0.6551724137931035,0.6551724137931035,0,0
