metric,value,normalized,randomSeed,fold
PRECISION,0.16666666666666666,0.16666666666666666,0,0
RECALL,0.2777777777777778,0.2777777777777778,0,0
F1_MACRO,0.5501893939393939,0.5501893939393939,0,0
F1,0.20833333333333334,0.20833333333333334,0,0
