metric,value,normalized,randomSeed,fold
PRECISION,0.45,0.45,0,0
RECALL,0.5357142857142857,0.5357142857142857,0,0
F1_MACRO,0.668266516092603,0.668266516092603,0,0
F1,0.4891304347826087,0.4891304347826087,0,0
