metric,value,normalized,randomSeed,fold
PRECISION,0.08,0.08,0,0
RECALL,0.11764705882352941,0.11764705882352941,0,0
F1_MACRO,0.4273658830620856,0.4273658830620856,0,0
F1,0.09523809523809526,0.09523809523809526,0,0
