metric,value,normalized,randomSeed,fold
PRECISION,0.5,0.5,0,0
RECALL,0.7142857142857143,0.7142857142857143,0,0
F1_MACRO,0.7519489723600283,0.7519489723600283,0,0
F1,0.588235294117647,0.588235294117647,0,0
