metric,value,normalized,randomSeed,fold
PRECISION,0.26666666666666666,0.26666666666666666,0,0
RECALL,0.2857142857142857,0.2857142857142857,0,0
F1_MACRO,0.5765275257108288,0.5765275257108288,0,0
F1,0.2758620689655172,0.2758620689655172,0,0
