metric,value,normalized,randomSeed,fold
PRECISION,0.15,0.15,0,0
RECALL,0.25,0.25,0,0
F1_MACRO,0.5163690476190476,0.5163690476190476,0,0
F1,0.18749999999999997,0.18749999999999997,0,0
