metric,value,normalized,randomSeed,fold
PRECISION,0.41025641025641024,0.41025641025641024,0,0
RECALL,0.42105263157894735,0.42105263157894735,0,0
F1_MACRO,0.6766718758420003,0.6766718758420003,0,0
F1,0.4155844155844156,0.4155844155844156,0,0
