metric,value,normalized,randomSeed,fold
PRECISION,0.1125,0.1125,0,0
RECALL,0.12,0.12,0,0
F1_MACRO,0.4518629657414353,0.4518629657414353,0,0
F1,0.11612903225806452,0.11612903225806452,0,0
