metric,value,normalized,randomSeed,fold
PRECISION,0.5189873417721519,0.5189873417721519,0,0
RECALL,0.6029411764705882,0.6029411764705882,0,0
F1_MACRO,0.7291412736610725,0.7291412736610725,0,0
F1,0.5578231292517007,0.5578231292517007,0,0
