metric,value,normalized,randomSeed,fold
PRECISION,0.65,0.65,0,0
RECALL,0.7027027027027027,0.7027027027027027,0,0
F1_MACRO,0.798962647259861,0.798962647259861,0,0
F1,0.6753246753246753,0.6753246753246753,0,0
