metric,value,normalized,randomSeed,fold
PRECISION,0.575,0.575,0,0
RECALL,0.6216216216216216,0.6216216216216216,0,0
F1_MACRO,0.7507136826022274,0.7507136826022274,0,0
F1,0.5974025974025973,0.5974025974025973,0,0
