metric,value,normalized,randomSeed,fold
PRECISION,0.52,0.52,0,0
RECALL,0.7027027027027027,0.7027027027027027,0,0
F1_MACRO,0.7429400315816532,0.7429400315816532,0,0
F1,0.5977011494252874,0.5977011494252874,0,0
