metric,value,normalized,randomSeed,fold
PRECISION,0.16666666666666666,0.16666666666666666,0,0
RECALL,0.25,0.25,0,0
F1_MACRO,0.5428571428571429,0.5428571428571429,0,0
F1,0.2,0.2,0,0
