metric,value,normalized,randomSeed,fold
PRECISION,0.125,0.125,0,0
RECALL,0.17857142857142858,0.17857142857142858,0,0
F1_MACRO,0.4861800141743444,0.4861800141743444,0,0
F1,0.14705882352941174,0.14705882352941174,0,0
