metric,value,normalized,randomSeed,fold
PRECISION,0.2,0.2,0,0
RECALL,0.20512820512820512,0.20512820512820512,0,0
F1_MACRO,0.5575765023964606,0.5575765023964606,0,0
F1,0.20253164556962025,0.20253164556962025,0,0
