metric,value,normalized,randomSeed,fold
PRECISION,0.6,0.6,0,0
RECALL,0.75,0.75,0,0
F1_MACRO,0.8073217726396916,0.8073217726396916,0,0
F1,0.6666666666666665,0.6666666666666665,0,0
