metric,value,normalized,randomSeed,fold
PRECISION,0.21666666666666667,0.21666666666666667,0,0
RECALL,0.22807017543859648,0.22807017543859648,0,0
F1_MACRO,0.5444932487392224,0.5444932487392224,0,0
F1,0.2222222222222222,0.2222222222222222,0,0
