metric,value,normalized,randomSeed,fold
PRECISION,0.3333333333333333,0.3333333333333333,0,0
RECALL,0.35714285714285715,0.35714285714285715,0,0
F1_MACRO,0.6168582375478927,0.6168582375478927,0,0
F1,0.3448275862068965,0.3448275862068965,0,0
