metric,value,normalized,randomSeed,fold
PRECISION,0.55,0.55,0,0
RECALL,0.7857142857142857,0.7857142857142857,0,0
F1_MACRO,0.7873848334514528,0.7873848334514528,0,0
F1,0.6470588235294117,0.6470588235294117,0,0
