metric,value,normalized,randomSeed,fold
PRECISION,0.6666666666666666,0.6666666666666666,0,0
RECALL,0.7142857142857143,0.7142857142857143,0,0
F1_MACRO,0.8185117967332123,0.8185117967332123,0,0
F1,0.689655172413793,0.689655172413793,0,0
