metric,value,normalized,randomSeed,fold
PRECISION,0.5,0.5,0,0
RECALL,0.625,0.625,0,0
F1_MACRO,0.7430956968529223,0.7430956968529223,0,0
F1,0.5555555555555556,0.5555555555555556,0,0
