metric,value,normalized,randomSeed,fold
PRECISION,0.43333333333333335,0.43333333333333335,0,0
RECALL,0.7222222222222222,0.7222222222222222,0,0
F1_MACRO,0.7395833333333333,0.7395833333333333,0,0
F1,0.5416666666666666,0.5416666666666666,0,0
