metric,value,normalized,randomSeed,fold
PRECISION,0.34,0.34,0,0
RECALL,0.5,0.5,0,0
F1_MACRO,0.6232670283303194,0.6232670283303194,0,0
F1,0.40476190476190477,0.40476190476190477,0,0
