metric,value,normalized,randomSeed,fold
PRECISION,0.08602150537634409,0.08602150537634409,0,0
RECALL,0.4,0.4,0,0
F1_MACRO,0.4018069131386637,0.4018069131386637,0,0
F1,0.1415929203539823,0.1415929203539823,0,0
