metric,value,normalized,randomSeed,fold
PRECISION,0.04878048780487805,0.04878048780487805,0,0
RECALL,0.1,0.1,0,0
F1_MACRO,0.44871608878572466,0.44871608878572466,0,0
F1,0.06557377049180328,0.06557377049180328,0,0
