metric,value,normalized,randomSeed,fold
PRECISION,0.26666666666666666,0.26666666666666666,0,0
RECALL,0.4,0.4,0,0
F1_MACRO,0.6114285714285714,0.6114285714285714,0,0
F1,0.32,0.32,0,0
