metric,value,normalized,randomSeed,fold
PRECISION,0.3673469387755102,0.3673469387755102,0,0
RECALL,0.5294117647058824,0.5294117647058824,0,0
F1_MACRO,0.6427349777659535,0.6427349777659535,0,0
F1,0.4337349397590361,0.4337349397590361,0,0
