metric,value,normalized,randomSeed,fold
PRECISION,0.2631578947368421,0.2631578947368421,0,0
RECALL,0.29411764705882354,0.29411764705882354,0,0
F1_MACRO,0.559620596205962,0.559620596205962,0,0
F1,0.27777777777777773,0.27777777777777773,0,0
