metric,value,normalized,randomSeed,fold
PRECISION,0.16981132075471697,0.16981132075471697,0,0
RECALL,0.15789473684210525,0.15789473684210525,0,0
F1_MACRO,0.5151515151515151,0.5151515151515151,0,0
F1,0.1636363636363636,0.1636363636363636,0,0
