metric,value,normalized,randomSeed,fold
PRECISION,0.5142857142857142,0.5142857142857142,0,0
RECALL,0.6428571428571429,0.6428571428571429,0,0
F1_MACRO,0.7456549385332769,0.7456549385332769,0,0
F1,0.5714285714285714,0.5714285714285714,0,0
