metric,value,normalized,randomSeed,fold
PRECISION,0.5609756097560976,0.5609756097560976,0,0
RECALL,0.8214285714285714,0.8214285714285714,0,0
F1_MACRO,0.798590130916415,0.798590130916415,0,0
F1,0.6666666666666667,0.6666666666666667,0,0
