metric,value,normalized,randomSeed,fold
PRECISION,0.3559322033898305,0.3559322033898305,0,0
RECALL,0.35,0.35,0,0
F1_MACRO,0.6199360801589358,0.6199360801589358,0,0
F1,0.3529411764705882,0.3529411764705882,0,0
