metric,value,normalized,randomSeed,fold
PRECISION,0.125,0.125,0,0
RECALL,0.13333333333333333,0.13333333333333333,0,0
F1_MACRO,0.45986496624156037,0.45986496624156037,0,0
F1,0.12903225806451615,0.12903225806451615,0,0
