metric,value,normalized,randomSeed,fold
PRECISION,0.4666666666666667,0.4666666666666667,0,0
RECALL,0.5833333333333334,0.5833333333333334,0,0
F1_MACRO,0.7216870049239992,0.7216870049239992,0,0
F1,0.5185185185185186,0.5185185185185186,0,0
