metric,value,normalized,randomSeed,fold
PRECISION,0.41025641025641024,0.41025641025641024,0,0
RECALL,0.6666666666666666,0.6666666666666666,0,0
F1_MACRO,0.7079741886863549,0.7079741886863549,0,0
F1,0.5079365079365079,0.5079365079365079,0,0
