metric,value,normalized,randomSeed,fold
PRECISION,0.04,0.04,0,0
RECALL,0.058823529411764705,0.058823529411764705,0,0
F1_MACRO,0.39722724532851117,0.39722724532851117,0,0
F1,0.04761904761904763,0.04761904761904763,0,0
