metric,value,normalized,randomSeed,fold
PRECISION,0.32,0.32,0,0
RECALL,0.43243243243243246,0.43243243243243246,0,0
F1_MACRO,0.5960486210568836,0.5960486210568836,0,0
F1,0.36781609195402293,0.36781609195402293,0,0
