metric,value,normalized,randomSeed,fold
PRECISION,0.3,0.3,0,0
RECALL,0.375,0.375,0,0
F1_MACRO,0.6146435452793834,0.6146435452793834,0,0
F1,0.33333333333333326,0.33333333333333326,0,0
