metric,value,normalized,randomSeed,fold
PRECISION,0.275,0.275,0,0
RECALL,0.4583333333333333,0.4583333333333333,0,0
F1_MACRO,0.609375,0.609375,0,0
F1,0.34374999999999994,0.34374999999999994,0,0
