metric,value,normalized,randomSeed,fold
PRECISION,0.3625,0.3625,0,0
RECALL,0.4264705882352941,0.4264705882352941,0,0
F1_MACRO,0.6269275410379704,0.6269275410379704,0,0
F1,0.39189189189189183,0.39189189189189183,0,0
