metric,value,normalized,randomSeed,fold
PRECISION,0.175,0.175,0,0
RECALL,0.175,0.175,0,0
F1_MACRO,0.5416666666666666,0.5416666666666666,0,0
F1,0.175,0.175,0,0
