metric,value,normalized,randomSeed,fold
PRECISION,0.5333333333333333,0.5333333333333333,0,0
RECALL,0.8888888888888888,0.8888888888888888,0,0
F1_MACRO,0.8106060606060607,0.8106060606060607,0,0
F1,0.6666666666666667,0.6666666666666667,0,0
