metric,value,normalized,randomSeed,fold
PRECISION,0.2,0.2,0,0
RECALL,0.21052631578947367,0.21052631578947367,0,0
F1_MACRO,0.5596278144754598,0.5596278144754598,0,0
F1,0.20512820512820512,0.20512820512820512,0,0
