metric,value,normalized,randomSeed,fold
PRECISION,0.6,0.6,0,0
RECALL,0.6486486486486487,0.6486486486486487,0,0
F1_MACRO,0.7916329866537335,0.7916329866537335,0,0
F1,0.6233766233766234,0.6233766233766234,0,0
