metric,value,normalized,randomSeed,fold
PRECISION,0.15,0.15,0,0
RECALL,0.15,0.15,0,0
F1_MACRO,0.5277777777777778,0.5277777777777778,0,0
F1,0.15,0.15,0,0
