metric,value,normalized,randomSeed,fold
PRECISION,0.1,0.1,0,0
RECALL,0.15,0.15,0,0
F1_MACRO,0.49714285714285716,0.49714285714285716,0,0
F1,0.12,0.12,0,0
