metric,value,normalized,randomSeed,fold
PRECISION,0.010486645911846632,0.010486645911846632,0,0
RECALL,0.9105691056910569,0.9105691056910569,0,0
F1_MACRO,0.47017260810850425,0.47017260810850425,0,0
F1,0.02073450119177099,0.02073450119177099,0,0
