metric,value,normalized,randomSeed,fold
PRECISION,0.030334948388455865,0.030334948388455865,0,0
RECALL,0.8780487804878049,0.8780487804878049,0,0
F1_MACRO,0.5168246561700934,0.5168246561700934,0,0
F1,0.05864386072083078,0.05864386072083078,0,0
