metric,value,normalized,randomSeed,fold
PRECISION,0.00651667088003146,0.00651667088003146,0,0
RECALL,0.943089430894309,0.943089430894309,0,0
F1_MACRO,0.43541033390902695,0.43541033390902695,0,0
F1,0.01294390046586883,0.01294390046586883,0,0
