metric,value,normalized,randomSeed,fold
PRECISION,0.10319410319410319,0.10319410319410319,0,0
RECALL,0.5975609756097561,0.5975609756097561,0,0
F1_MACRO,0.5855667991648094,0.5855667991648094,0,0
F1,0.17599521101466625,0.17599521101466625,0,0
