metric,value,normalized,randomSeed,fold
PRECISION,0.008022892454618869,0.008022892454618869,0,0
RECALL,0.9288617886178862,0.9288617886178862,0,0
F1_MACRO,0.45275659493678916,0.45275659493678916,0,0
F1,0.015908378877014656,0.015908378877014656,0,0
