metric,value,normalized,randomSeed,fold
PRECISION,0.015589340261929005,0.015589340261929005,0,0
RECALL,0.9024390243902439,0.9024390243902439,0,0
F1_MACRO,0.4893508148006395,0.4893508148006395,0,0
F1,0.03064922514064819,0.03064922514064819,0,0
