metric,value,normalized,randomSeed,fold
PRECISION,0.006758891892840842,0.006758891892840842,0,0
RECALL,0.782520325203252,0.782520325203252,0,0
F1_MACRO,0.45136283741416616,0.45136283741416616,0,0
F1,0.013402025968600968,0.013402025968600968,0,0
