metric,value,normalized,randomSeed,fold
PRECISION,0.007829781257680558,0.007829781257680558,0,0
RECALL,0.4532520325203252,0.4532520325203252,0,0
F1_MACRO,0.4813142493793073,0.4813142493793073,0,0
F1,0.015393642356676904,0.015393642356676904,0,0
