metric,value,normalized,randomSeed,fold
PRECISION,0.002106002106002106,0.002106002106002106,0,0
RECALL,0.012195121951219513,0.012195121951219513,0,0
F1_MACRO,0.49885647454400656,0.49885647454400656,0,0
F1,0.003591739000299312,0.003591739000299312,0,0
