metric,value,normalized,randomSeed,fold
PRECISION,0.0016852749104697704,0.0016852749104697704,0,0
RECALL,0.04878048780487805,0.04878048780487805,0,0
F1_MACRO,0.4883964291483037,0.4883964291483037,0,0
F1,0.003257992262268377,0.003257992262268377,0,0
