metric,value,normalized,randomSeed,fold
PRECISION,0.00784157674211746,0.00784157674211746,0,0
RECALL,0.6808943089430894,0.6808943089430894,0,0
F1_MACRO,0.4673429890294702,0.4673429890294702,0,0
F1,0.015504593525096616,0.015504593525096616,0,0
