metric,value,normalized,randomSeed,fold
PRECISION,0.001544907656655977,0.001544907656655977,0,0
RECALL,0.13414634146341464,0.13414634146341464,0,0
F1_MACRO,0.4606069931687612,0.4606069931687612,0,0
F1,0.0030546363362876916,0.0030546363362876916,0,0
