metric,value,normalized,randomSeed,fold
PRECISION,0.0014044450686422527,0.0014044450686422527,0,0
RECALL,0.16260162601626016,0.16260162601626016,0,0
F1_MACRO,0.44545872568638833,0.44545872568638833,0,0
F1,0.0027848365649040968,0.0027848365649040968,0,0
