metric,value,normalized,randomSeed,fold
PRECISION,0.0014606331282829134,0.0014606331282829134,0,0
RECALL,0.21138211382113822,0.21138211382113822,0,0
F1_MACRO,0.42966598549897833,0.42966598549897833,0,0
F1,0.0029012190699361177,0.0029012190699361177,0,0
