metric,value,normalized,randomSeed,fold
PRECISION,0.006776447456198869,0.006776447456198869,0,0
RECALL,0.7845528455284553,0.7845528455284553,0,0
F1_MACRO,0.4513821951575359,0.4513821951575359,0,0
F1,0.013436836425662268,0.013436836425662268,0,0
