metric,value,normalized,randomSeed,fold
PRECISION,0.00550546332968175,0.00550546332968175,0,0
RECALL,0.7967479674796748,0.7967479674796748,0,0
F1_MACRO,0.4342614642270172,0.4342614642270172,0,0
F1,0.010935364186682289,0.010935364186682289,0,0
