metric,value,normalized,randomSeed,fold
PRECISION,0.0018608897159509848,0.0018608897159509848,0,0
RECALL,0.10772357723577236,0.10772357723577236,0,0
F1_MACRO,0.47513227597828245,0.47513227597828245,0,0
F1,0.0036585786766989955,0.0036585786766989955,0,0
