metric,value,normalized,randomSeed,fold
PRECISION,0.017063408468506427,0.017063408468506427,0,0
RECALL,0.49390243902439024,0.49390243902439024,0,0
F1_MACRO,0.5036556980644115,0.5036556980644115,0,0
F1,0.03298717165546733,0.03298717165546733,0,0
