metric,value,normalized,randomSeed,fold
PRECISION,0.03896103896103896,0.03896103896103896,0,0
RECALL,0.22560975609756098,0.22560975609756098,0,0
F1_MACRO,0.5304696137286743,0.5304696137286743,0,0
F1,0.06644717150553728,0.06644717150553728,0,0
