metric,value,normalized,randomSeed,fold
PRECISION,0.009126009126009126,0.009126009126009126,0,0
RECALL,0.052845528455284556,0.052845528455284556,0,0
F1_MACRO,0.5048780248648956,0.5048780248648956,0,0
F1,0.01556420233463035,0.01556420233463035,0,0
