metric,value,normalized,randomSeed,fold
PRECISION,0.06666666666666667,0.06666666666666667,0,0
RECALL,0.07142857142857142,0.07142857142857142,0,0
F1_MACRO,0.455535390199637,0.455535390199637,0,0
F1,0.0689655172413793,0.0689655172413793,0,0
