metric,value,normalized,randomSeed,fold
PRECISION,0.052916546347097894,0.052916546347097894,0,0
RECALL,0.8493626882966396,0.8493626882966396,0,0
F1_MACRO,0.4963060160507054,0.4963060160507054,0,0
F1,0.09962623173632348,0.09962623173632348,0,0
