metric,value,normalized,randomSeed,fold
PRECISION,0.04536529021079989,0.04536529021079989,0,0
RECALL,0.910196987253766,0.910196987253766,0,0
F1_MACRO,0.47421296213078756,0.47421296213078756,0,0
F1,0.08642314886126086,0.08642314886126086,0,0
