metric,value,normalized,randomSeed,fold
PRECISION,0.15521224371931852,0.15521224371931852,0,0
RECALL,0.6228273464658169,0.6228273464658169,0,0
F1_MACRO,0.6121357586858451,0.6121357586858451,0,0
F1,0.24849745723532135,0.24849745723532135,0,0
