metric,value,normalized,randomSeed,fold
PRECISION,0.4235209235209235,0.4235209235209235,0,0
RECALL,0.34009269988412516,0.34009269988412516,0,0
F1_MACRO,0.6850872785975288,0.6850872785975288,0,0
F1,0.37724935732647813,0.37724935732647813,0,0
