metric,value,normalized,randomSeed,fold
PRECISION,0.09240542881894312,0.09240542881894312,0,0
RECALL,0.7415990730011588,0.7415990730011588,0,0
F1_MACRO,0.557272718278877,0.557272718278877,0,0
F1,0.16433431762742332,0.16433431762742332,0,0
