metric,value,normalized,randomSeed,fold
PRECISION,0.06511695062084898,0.06511695062084898,0,0
RECALL,0.7838933951332561,0.7838933951332561,0,0
F1_MACRO,0.5212325773683018,0.5212325773683018,0,0
F1,0.12024528972627088,0.12024528972627088,0,0
