metric,value,normalized,randomSeed,fold
PRECISION,0.07530142227997978,0.07530142227997978,0,0
RECALL,0.604287369640788,0.604287369640788,0,0
F1_MACRO,0.5411588299433705,0.5411588299433705,0,0
F1,0.13391538807215767,0.13391538807215767,0,0
