metric,value,normalized,randomSeed,fold
PRECISION,0.3917748917748918,0.3917748917748918,0,0
RECALL,0.3146002317497103,0.3146002317497103,0,0
F1_MACRO,0.6707878361396251,0.6707878361396251,0,0
F1,0.3489717223650386,0.3489717223650386,0,0
