metric,value,normalized,randomSeed,fold
PRECISION,0.03549150976088714,0.03549150976088714,0,0
RECALL,0.7120509849362688,0.7120509849362688,0,0
F1_MACRO,0.46339164783606834,0.46339164783606834,0,0
F1,0.06761291742311712,0.06761291742311712,0,0
