metric,value,normalized,randomSeed,fold
PRECISION,0.04237961158039131,0.04237961158039131,0,0
RECALL,0.6801853997682503,0.6801853997682503,0,0
F1_MACRO,0.48521209462391385,0.48521209462391385,0,0
F1,0.07978795704770966,0.07978795704770966,0,0
