metric,value,normalized,randomSeed,fold
PRECISION,0.053713240602589404,0.053713240602589404,0,0
RECALL,0.6465816917728853,0.6465816917728853,0,0
F1_MACRO,0.5097743421368182,0.5097743421368182,0,0
F1,0.09918677509665379,0.09918677509665379,0,0
