metric,value,normalized,randomSeed,fold
PRECISION,0.13138896910193473,0.13138896910193473,0,0
RECALL,0.5272305909617613,0.5272305909617613,0,0
F1_MACRO,0.5924502465920783,0.5924502465920783,0,0
F1,0.21035598705501615,0.21035598705501615,0,0
