metric,value,normalized,randomSeed,fold
PRECISION,0.10085186254692463,0.10085186254692463,0,0
RECALL,0.8093858632676709,0.8093858632676709,0,0
F1_MACRO,0.5652307904806547,0.5652307904806547,0,0
F1,0.17935550134805497,0.17935550134805497,0,0
