metric,value,normalized,randomSeed,fold
PRECISION,0.06915968813167774,0.06915968813167774,0,0
RECALL,0.8325608342989571,0.8325608342989571,0,0
F1_MACRO,0.5252952567804708,0.5252952567804708,0,0
F1,0.12771062922147175,0.12771062922147175,0,0
