metric,value,normalized,randomSeed,fold
PRECISION,0.3924963924963925,0.3924963924963925,0,0
RECALL,0.31517960602549244,0.31517960602549244,0,0
F1_MACRO,0.6711128234682138,0.6711128234682138,0,0
F1,0.3496143958868894,0.3496143958868894,0,0
