metric,value,normalized,randomSeed,fold
PRECISION,0.021224371931850998,0.021224371931850998,0,0
RECALL,0.25550405561993045,0.25550405561993045,0,0
F1_MACRO,0.4771234866076077,0.4771234866076077,0,0
F1,0.03919303234980448,0.03919303234980448,0,0
