metric,value,normalized,randomSeed,fold
PRECISION,0.020285879295408604,0.020285879295408604,0,0
RECALL,0.16280417149478563,0.16280417149478563,0,0
F1_MACRO,0.4893230248636977,0.4893230248636977,0,0
F1,0.03607651816664527,0.03607651816664527,0,0
