metric,value,normalized,randomSeed,fold
PRECISION,0.0,0.0,0,0
RECALL,0.0,0.0,0,0
F1_MACRO,0.49686542009908613,0.49686542009908613,0,0
F1,0.0,0.0,0,0
