metric,value,normalized,randomSeed,fold
PRECISION,0.04764654923476754,0.04764654923476754,0,0
RECALL,0.9559675550405562,0.9559675550405562,0,0
F1_MACRO,0.4767141469318754,0.4767141469318754,0,0
F1,0.09076906150291561,0.09076906150291561,0,0
