metric,value,normalized,randomSeed,fold
PRECISION,0.05941380306092983,0.05941380306092983,0,0
RECALL,0.9536500579374276,0.9536500579374276,0,0
F1_MACRO,0.5031491677686368,0.5031491677686368,0,0
F1,0.11185864763846415,0.11185864763846415,0,0
