metric,value,normalized,randomSeed,fold
PRECISION,0.046404851285012996,0.046404851285012996,0,0
RECALL,0.9310544611819235,0.9310544611819235,0,0
F1_MACRO,0.4753527425464731,0.4753527425464731,0,0
F1,0.0884035647485972,0.0884035647485972,0,0
