metric,value,normalized,randomSeed,fold
PRECISION,0.14192896332659544,0.14192896332659544,0,0
RECALL,0.5695249130938587,0.5695249130938587,0,0
F1_MACRO,0.6011595943668963,0.6011595943668963,0,0
F1,0.2272306981044845,0.2272306981044845,0,0
