metric,value,normalized,randomSeed,fold
PRECISION,0.17398209644816634,0.17398209644816634,0,0
RECALL,0.6981460023174971,0.6981460023174971,0,0
F1_MACRO,0.6276455560930551,0.6276455560930551,0,0
F1,0.27854831252889506,0.27854831252889506,0,0
