metric,value,normalized,randomSeed,fold
PRECISION,0.4393939393939394,0.4393939393939394,0,0
RECALL,0.35283893395133253,0.35283893395133253,0,0
F1_MACRO,0.6922369998264808,0.6922369998264808,0,0
F1,0.39138817480719795,0.39138817480719795,0,0
