metric,value,normalized,randomSeed,fold
PRECISION,0.05670661276349986,0.05670661276349986,0,0
RECALL,0.910196987253766,0.910196987253766,0,0
F1_MACRO,0.500297854552832,0.500297854552832,0,0
F1,0.10676180767923887,0.10676180767923887,0,0
