metric,value,normalized,randomSeed,fold
PRECISION,0.04683800173260179,0.04683800173260179,0,0
RECALL,0.9397450753186558,0.9397450753186558,0,0
F1_MACRO,0.47582765105300884,0.47582765105300884,0,0
F1,0.08922873803498733,0.08922873803498733,0,0
