metric,value,normalized,randomSeed,fold
PRECISION,0.09587063239965347,0.09587063239965347,0,0
RECALL,0.7694090382387022,0.7694090382387022,0,0
F1_MACRO,0.5605375684129397,0.5605375684129397,0,0
F1,0.17049685453845165,0.17049685453845165,0,0
