metric,value,normalized,randomSeed,fold
PRECISION,0.05107565694484551,0.05107565694484551,0,0
RECALL,0.8198146002317497,0.8198146002317497,0,0
F1_MACRO,0.4943671230639582,0.4943671230639582,0,0
F1,0.0961603805640503,0.0961603805640503,0,0
