metric,value,normalized,randomSeed,fold
PRECISION,0.005772005772005772,0.005772005772005772,0,0
RECALL,0.004634994206257242,0.004634994206257242,0,0
F1_MACRO,0.4969196153446591,0.4969196153446591,0,0
F1,0.005141388174807198,0.005141388174807198,0,0
