metric,value,normalized,randomSeed,fold
PRECISION,0.4805194805194805,0.4805194805194805,0,0
RECALL,0.3858632676709154,0.3858632676709154,0,0
F1_MACRO,0.7107612775560378,0.7107612775560378,0,0
F1,0.42802056555269924,0.42802056555269924,0,0
