metric,value,normalized,randomSeed,fold
PRECISION,0.008808664259927797,0.008808664259927797,0,0
RECALL,0.03534183082271147,0.03534183082271147,0,0
F1_MACRO,0.4911620760519917,0.4911620760519917,0,0
F1,0.014102415905675644,0.014102415905675644,0,0
