metric,value,normalized,randomSeed,fold
PRECISION,0.18509962460294543,0.18509962460294543,0,0
RECALL,0.7427578215527231,0.7427578215527231,0,0
F1_MACRO,0.6368321284034797,0.6368321284034797,0,0
F1,0.29634766527970413,0.29634766527970413,0,0
