metric,value,normalized,randomSeed,fold
PRECISION,0.018047935316199828,0.018047935316199828,0,0
RECALL,0.36210892236384706,0.36210892236384706,0,0
F1_MACRO,0.4442620656519367,0.4442620656519367,0,0
F1,0.03438222026625592,0.03438222026625592,0,0
