metric,value,normalized,randomSeed,fold
PRECISION,0.021260467802483397,0.021260467802483397,0,0
RECALL,0.34125144843568944,0.34125144843568944,0,0
F1_MACRO,0.46296466018056187,0.46296466018056187,0,0
F1,0.0400271831464492,0.0400271831464492,0,0
