metric,value,normalized,randomSeed,fold
PRECISION,0.07296178650495716,0.07296178650495716,0,0
RECALL,0.8783314020857474,0.8783314020857474,0,0
F1_MACRO,0.5291161100371538,0.5291161100371538,0,0
F1,0.13473160327052966,0.13473160327052966,0,0
