metric,value,normalized,randomSeed,fold
PRECISION,0.07146982385215131,0.07146982385215131,0,0
RECALL,0.8603707995365005,0.8603707995365005,0,0
F1_MACRO,0.5276167878731389,0.5276167878731389,0,0
F1,0.13197653750444366,0.13197653750444366,0,0
