metric,value,normalized,randomSeed,fold
PRECISION,0.10396361273554255,0.10396361273554255,0,0
RECALL,0.8342989571263036,0.8342989571263036,0,0
F1_MACRO,0.5681634914973667,0.5681634914973667,0,0
F1,0.18488797586184758,0.18488797586184758,0,0
