metric,value,normalized,randomSeed,fold
PRECISION,0.046455385503898355,0.046455385503898355,0,0
RECALL,0.7456546929316339,0.7456546929316339,0,0
F1_MACRO,0.4895008818423181,0.4895008818423181,0,0
F1,0.0874617737003058,0.0874617737003058,0,0
