metric,value,normalized,randomSeed,fold
PRECISION,0.3427128427128427,0.3427128427128427,0,0
RECALL,0.27520278099652373,0.27520278099652373,0,0
F1_MACRO,0.648688697795592,0.648688697795592,0,0
F1,0.30526992287917737,0.30526992287917737,0,0
