metric,value,normalized,randomSeed,fold
PRECISION,0.08583598036384638,0.08583598036384638,0,0
RECALL,0.6888760139049827,0.6888760139049827,0,0
F1_MACRO,0.5510831065663833,0.5510831065663833,0,0
F1,0.15265117473359868,0.15265117473359868,0,0
