metric,value,normalized,randomSeed,fold
PRECISION,0.06449128886322071,0.06449128886322071,0,0
RECALL,0.776361529548088,0.776361529548088,0,0
F1_MACRO,0.5206038293640374,0.5206038293640374,0,0
F1,0.1190899395662993,0.1190899395662993,0,0
