metric,value,normalized,randomSeed,fold
PRECISION,0.03456540571758591,0.03456540571758591,0,0
RECALL,0.6935110081112399,0.6935110081112399,0,0
F1_MACRO,0.4623719100344977,0.4623719100344977,0,0
F1,0.06584882825393333,0.06584882825393333,0,0
