metric,value,normalized,randomSeed,fold
PRECISION,0.12777938203869477,0.12777938203869477,0,0
RECALL,0.5127462340672074,0.5127462340672074,0,0
F1_MACRO,0.5894675932445379,0.5894675932445379,0,0
F1,0.2045769764216366,0.2045769764216366,0,0
