metric,value,normalized,randomSeed,fold
PRECISION,0.3157894736842105,0.3157894736842105,0,0
RECALL,0.6,0.6,0,0
F1_MACRO,0.6839855005111999,0.6839855005111999,0,0
F1,0.41379310344827586,0.41379310344827586,0,0
