metric,value,normalized,randomSeed,fold
PRECISION,0.38461538461538464,0.38461538461538464,0,0
RECALL,0.625,0.625,0,0
F1_MACRO,0.6891338137628938,0.6891338137628938,0,0
F1,0.4761904761904762,0.4761904761904762,0,0
