metric,value,normalized,randomSeed,fold
PRECISION,0.2,0.2,0,0
RECALL,0.23529411764705882,0.23529411764705882,0,0
F1_MACRO,0.5191510528933841,0.5191510528933841,0,0
F1,0.2162162162162162,0.2162162162162162,0,0
