metric,value,normalized,randomSeed,fold
PRECISION,0.3076923076923077,0.3076923076923077,0,0
RECALL,0.32,0.32,0,0
F1_MACRO,0.5757190047580083,0.5757190047580083,0,0
F1,0.3137254901960784,0.3137254901960784,0,0
