metric,value,normalized,randomSeed,fold
PRECISION,0.5333333333333333,0.5333333333333333,0,0
RECALL,0.6666666666666666,0.6666666666666666,0,0
F1_MACRO,0.7645043887818455,0.7645043887818455,0,0
F1,0.5925925925925926,0.5925925925925926,0,0
