metric,value,normalized,randomSeed,fold
PRECISION,0.45,0.45,0,0
RECALL,0.75,0.75,0,0
F1_MACRO,0.7395833333333335,0.7395833333333335,0,0
F1,0.5625000000000001,0.5625000000000001,0,0
