metric,value,normalized,randomSeed,fold
PRECISION,0.1,0.1,0,0
RECALL,0.10344827586206896,0.10344827586206896,0,0
F1_MACRO,0.4731348476564441,0.4731348476564441,0,0
F1,0.10169491525423728,0.10169491525423728,0,0
