metric,value,normalized,randomSeed,fold
PRECISION,0.9838187702265372,0.9838187702265372,0,0
RECALL,0.7012687427912342,0.7012687427912342,0,0
F1_MACRO,0.9036314448079155,0.9036314448079155,0,0
F1,0.818855218855219,0.818855218855219,0,0
