metric,value,normalized,randomSeed,fold
PRECISION,0.0854597002835156,0.0854597002835156,0,0
RECALL,0.2433679354094579,0.2433679354094579,0,0
F1_MACRO,0.49501862404428804,0.49501862404428804,0,0
F1,0.12649880095923263,0.12649880095923263,0,0
