metric,value,normalized,randomSeed,fold
PRECISION,0.025,0.025,0,0
RECALL,0.029411764705882353,0.029411764705882353,0,0
F1_MACRO,0.4030840656607527,0.4030840656607527,0,0
F1,0.027027027027027025,0.027027027027027025,0,0
