metric,value,normalized,randomSeed,fold
PRECISION,0.6,0.6,0,0
RECALL,0.6666666666666666,0.6666666666666666,0,0
F1_MACRO,0.7964524571096249,0.7964524571096249,0,0
F1,0.631578947368421,0.631578947368421,0,0
