metric,value,normalized,randomSeed,fold
PRECISION,0.5,0.5,0,0
RECALL,0.8333333333333334,0.8333333333333334,0,0
F1_MACRO,0.7869318181818181,0.7869318181818181,0,0
F1,0.625,0.625,0,0
