metric,value,normalized,randomSeed,fold
PRECISION,0.175,0.175,0,0
RECALL,0.18421052631578946,0.18421052631578946,0,0
F1_MACRO,0.5454222601037005,0.5454222601037005,0,0
F1,0.1794871794871795,0.1794871794871795,0,0
