metric,value,normalized,randomSeed,fold
PRECISION,0.08333333333333333,0.08333333333333333,0,0
RECALL,0.08620689655172414,0.08620689655172414,0,0
F1_MACRO,0.4631939957254336,0.4631939957254336,0,0
F1,0.08474576271186442,0.08474576271186442,0,0
