metric,value,normalized,randomSeed,fold
PRECISION,0.1,0.1,0,0
RECALL,0.10810810810810811,0.10810810810810811,0,0
F1_MACRO,0.5042302096244005,0.5042302096244005,0,0
F1,0.1038961038961039,0.1038961038961039,0,0
