metric,value,normalized,randomSeed,fold
PRECISION,0.23333333333333334,0.23333333333333334,0,0
RECALL,0.24561403508771928,0.24561403508771928,0,0
F1_MACRO,0.5545043861295691,0.5545043861295691,0,0
F1,0.2393162393162393,0.2393162393162393,0,0
