metric,value,normalized,randomSeed,fold
PRECISION,0.525,0.525,0,0
RECALL,0.5526315789473685,0.5526315789473685,0,0
F1_MACRO,0.7133301481127569,0.7133301481127569,0,0
F1,0.5384615384615385,0.5384615384615385,0,0
