metric,value,normalized,randomSeed,fold
PRECISION,0.42,0.42,0,0
RECALL,0.5526315789473685,0.5526315789473685,0,0
F1_MACRO,0.6649184149184149,0.6649184149184149,0,0
F1,0.4772727272727273,0.4772727272727273,0,0
