metric,value,normalized,randomSeed,fold
PRECISION,0.55,0.55,0,0
RECALL,0.5641025641025641,0.5641025641025641,0,0
F1_MACRO,0.7542091679980336,0.7542091679980336,0,0
F1,0.5569620253164557,0.5569620253164557,0,0
