metric,value,normalized,randomSeed,fold
PRECISION,0.4125,0.4125,0,0
RECALL,0.44,0.44,0,0
F1_MACRO,0.6439109777444361,0.6439109777444361,0,0
F1,0.4258064516129032,0.4258064516129032,0,0
