metric,value,normalized,randomSeed,fold
PRECISION,0.30612244897959184,0.30612244897959184,0,0
RECALL,0.4411764705882353,0.4411764705882353,0,0
F1_MACRO,0.597126677055224,0.597126677055224,0,0
F1,0.3614457831325301,0.3614457831325301,0,0
