metric,value,normalized,randomSeed,fold
PRECISION,0.225,0.225,0,0
RECALL,0.2647058823529412,0.2647058823529412,0,0
F1_MACRO,0.5357320510694744,0.5357320510694744,0,0
F1,0.24324324324324323,0.24324324324324323,0,0
