metric,value,normalized,randomSeed,fold
PRECISION,0.36,0.36,0,0
RECALL,0.5294117647058824,0.5294117647058824,0,0
F1_MACRO,0.6383363471971066,0.6383363471971066,0,0
F1,0.42857142857142855,0.42857142857142855,0,0
