metric,value,normalized,randomSeed,fold
PRECISION,0.2682926829268293,0.2682926829268293,0,0
RECALL,0.5789473684210527,0.5789473684210527,0,0
F1_MACRO,0.5476190476190476,0.5476190476190476,0,0
F1,0.36666666666666664,0.36666666666666664,0,0
