metric,value,normalized,randomSeed,fold
PRECISION,0.2857142857142857,0.2857142857142857,0,0
RECALL,0.5789473684210527,0.5789473684210527,0,0
F1_MACRO,0.566742944317315,0.566742944317315,0,0
F1,0.38260869565217387,0.38260869565217387,0,0
