metric,value,normalized,randomSeed,fold
PRECISION,0.15,0.15,0,0
RECALL,0.15789473684210525,0.15789473684210525,0,0
F1_MACRO,0.5312167057319412,0.5312167057319412,0,0
F1,0.15384615384615385,0.15384615384615385,0,0
