metric,value,normalized,randomSeed,fold
PRECISION,0.05,0.05,0,0
RECALL,0.05172413793103448,0.05172413793103448,0,0
F1_MACRO,0.4433122918634127,0.4433122918634127,0,0
F1,0.05084745762711864,0.05084745762711864,0,0
