metric,value,normalized,randomSeed,fold
PRECISION,0.55,0.55,0,0
RECALL,0.9166666666666666,0.9166666666666666,0,0
F1_MACRO,0.8139880952380951,0.8139880952380951,0,0
F1,0.6874999999999999,0.6874999999999999,0,0
