metric,value,normalized,randomSeed,fold
PRECISION,0.06666666666666667,0.06666666666666667,0,0
RECALL,0.1111111111111111,0.1111111111111111,0,0
F1_MACRO,0.47916666666666663,0.47916666666666663,0,0
F1,0.08333333333333334,0.08333333333333334,0,0
