metric,value,normalized,randomSeed,fold
PRECISION,0.5656565656565656,0.5656565656565656,0,0
RECALL,0.6666666666666666,0.6666666666666666,0,0
F1_MACRO,0.7484744621870322,0.7484744621870322,0,0
F1,0.6120218579234972,0.6120218579234972,0,0
