metric,value,normalized,randomSeed,fold
PRECISION,0.475,0.475,0,0
RECALL,0.5588235294117647,0.5588235294117647,0,0
F1_MACRO,0.7015420328303764,0.7015420328303764,0,0
F1,0.5135135135135136,0.5135135135135136,0,0
