metric,value,normalized,randomSeed,fold
PRECISION,0.25,0.25,0,0
RECALL,0.2777777777777778,0.2777777777777778,0,0
F1_MACRO,0.5929049142192497,0.5929049142192497,0,0
F1,0.2631578947368421,0.2631578947368421,0,0
