metric,value,normalized,randomSeed,fold
PRECISION,0.4,0.4,0,0
RECALL,0.47058823529411764,0.47058823529411764,0,0
F1_MACRO,0.6517990383021057,0.6517990383021057,0,0
F1,0.4324324324324324,0.4324324324324324,0,0
