metric,value,normalized,randomSeed,fold
PRECISION,0.6153846153846154,0.6153846153846154,0,0
RECALL,0.631578947368421,0.631578947368421,0,0
F1_MACRO,0.7667966708214387,0.7667966708214387,0,0
F1,0.6233766233766234,0.6233766233766234,0,0
