metric,value,normalized,randomSeed,fold
PRECISION,0.5102040816326531,0.5102040816326531,0,0
RECALL,0.6578947368421053,0.6578947368421053,0,0
F1_MACRO,0.7282508905291764,0.7282508905291764,0,0
F1,0.574712643678161,0.574712643678161,0,0
