metric,value,normalized,randomSeed,fold
PRECISION,0.06666666666666667,0.06666666666666667,0,0
RECALL,0.05555555555555555,0.05555555555555555,0,0
F1_MACRO,0.48806869787796214,0.48806869787796214,0,0
F1,0.0606060606060606,0.0606060606060606,0,0
