metric,value,normalized,randomSeed,fold
PRECISION,0.13333333333333333,0.13333333333333333,0,0
RECALL,0.2222222222222222,0.2222222222222222,0,0
F1_MACRO,0.5265151515151515,0.5265151515151515,0,0
F1,0.16666666666666669,0.16666666666666669,0,0
