metric,value,normalized,randomSeed,fold
PRECISION,0.125,0.125,0,0
RECALL,0.20833333333333334,0.20833333333333334,0,0
F1_MACRO,0.4977678571428571,0.4977678571428571,0,0
F1,0.15625,0.15625,0,0
