metric,value,normalized,randomSeed,fold
PRECISION,0.21052631578947367,0.21052631578947367,0,0
RECALL,0.20689655172413793,0.20689655172413793,0,0
F1_MACRO,0.5379244684227229,0.5379244684227229,0,0
F1,0.20869565217391306,0.20869565217391306,0,0
